Date,HomeTeam,AwayTeam,FTHG,FTAG,FTR,HTHG,HTAG,HTR,HS,AS,HST,AST,HF,AF,HC,AC,HY,AY,HR,AR,Season
2022-08-21,Holstein Kiel,Hoffenheim,1,1,D,0,1,H,4,7,1,2,9,16,7,5,1,1,0,0,2022/3
2022-08-08,Bochum,Dortmund,0,0,D,0,0,H,5,14,1,4,16,18,2,6,1,3,0,0,2022/3
2022-08-08,Hoffenheim,Monchengladbach,0,1,A,0,0,H,12,8,5,2,12,14,6,5,0,0,0,0,2022/3
2022-08-22,Frankfurt,Augsburg,1,1,D,1,0,H,12,7,3,2,16,10,5,8,2,1,0,0,2022/3
2022-08-03,Wolfsburg,Heidenheim,0,0,D,0,0,H,4,8,1,3,18,14,3,3,0,3,0,0,2022/3
2022-08-22,Heidenheim,Monchengladbach,0,0,D,0,0,H,8,11,2,4,18,9,4,4,3,1,0,0,2022/3
2022-08-23,Leipzig,Bremen,0,0,D,0,0,H,8,10,3,4,12,18,6,2,3,3,0,0,2022/3
2022-08-09,Leverkusen,Leipzig,1,1,D,1,0,H,14,12,4,3,9,8,7,5,3,0,0,0,2022/3
2022-08-26,Wolfsburg,Frankfurt,1,1,D,0,0,H,7,7,2,2,8,18,10,5,2,0,0,0,2022/3
2022-08-04,Hoffenheim,Heidenheim,1,0,H,1,0,H,13,8,5,2,17,9,4,4,2,2,0,0,2022/3
2022-08-20,Leipzig,Augsburg,3,0,H,2,0,H,12,11,4,4,14,13,4,2,2,3,0,0,2022/3
2022-08-08,Frankfurt,Bayern Munich,1,1,D,0,1,H,13,17,5,6,15,15,7,6,0,3,0,0,2022/3
2022-08-04,Augsburg,Frankfurt,0,0,D,0,0,H,4,9,1,3,10,14,6,4,3,3,0,0,2022/3
2022-08-15,Hoffenheim,Augsburg,0,0,D,0,0,H,12,4,4,1,9,11,3,7,3,2,0,0,2022/3
2022-08-21,Wolfsburg,Augsburg,1,0,H,0,0,H,9,10,4,3,12,18,9,2,3,0,0,0,2022/3
2022-08-14,Freiburg,Hoffenheim,0,0,D,0,0,H,5,12,2,4,11,11,5,5,0,2,0,0,2022/3
2022-08-04,Mainz,Bochum,0,0,D,0,0,H,11,7,5,2,18,12,6,7,1,0,0,0,2022/3
2022-08-18,Leverkusen,St. Pauli,1,0,H,1,0,H,15,8,5,3,14,11,8,4,3,2,0,0,2022/3
2022-08-19,Union Berlin,St. Pauli,1,1,D,0,0,H,7,5,2,1,14,17,4,4,3,0,0,0,2022/3
2022-08-01,Heidenheim,St. Pauli,0,0,D,0,0,H,7,9,3,3,12,16,7,6,1,3,0,0,2022/3
2022-08-23,St. Pauli,Augsburg,0,2,A,0,2,H,11,11,3,4,9,13,2,3,1,1,0,0,2022/3
2022-08-21,St. Pauli,Hoffenheim,0,0,D,0,0,H,10,7,4,2,10,15,5,2,0,3,0,0,2022/3
2022-08-02,Bremen,Holstein Kiel,1,0,H,0,0,H,7,5,2,2,14,18,2,2,1,0,0,0,2022/3
2022-08-16,Holstein Kiel,Leipzig,0,0,D,0,0,H,8,14,2,4,9,16,6,4,1,0,0,0,2022/3
2022-08-13,St. Pauli,Bremen,1,0,H,1,0,H,11,7,4,3,18,8,3,3,3,2,0,0,2022/3
2022-08-17,Union Berlin,Bremen,0,0,D,0,0,H,10,12,4,5,18,12,5,3,3,2,0,0,2022/3
2022-08-28,Augsburg,Bremen,0,1,A,0,1,H,16,6,6,2,10,9,11,5,3,0,0,0,2022/3
2022-08-14,Hoffenheim,Dortmund,0,2,A,0,0,H,13,13,4,4,13,16,4,2,0,0,0,0,2022/3
2022-08-07,Bremen,Leverkusen,2,0,H,1,0,H,12,11,3,3,18,18,6,3,2,3,0,0,2022/3
2022-08-06,Holstein Kiel,Mainz,0,1,A,0,0,H,9,3,3,1,17,15,2,5,2,2,0,0,2022/3
2022-08-14,Bochum,Leverkusen,0,1,A,0,0,H,9,7,4,2,17,12,4,2,3,1,0,0,2022/3
2022-08-07,Stuttgart,Holstein Kiel,0,0,D,0,0,H,11,6,3,2,16,17,3,3,0,3,0,0,2022/3
2022-08-07,Bochum,St. Pauli,0,1,A,0,1,H,6,8,2,2,18,8,4,5,3,0,0,0,2022/3
2022-08-06,St. Pauli,Stuttgart,1,0,H,0,0,H,5,9,1,3,9,14,5,7,1,1,0,0,2022/3
2022-08-20,Union Berlin,Mainz,0,0,D,0,0,H,9,10,4,3,16,13,3,2,2,0,0,0,2022/3
2022-08-08,Union Berlin,Dortmund,0,2,A,0,1,H,9,15,3,7,15,18,6,2,1,2,0,0,2022/3
2022-08-11,Mainz,St. Pauli,2,0,H,2,0,H,17,7,7,2,14,11,6,5,0,1,0,0,2022/3
2022-08-05,Dortmund,Bayern Munich,0,1,A,0,0,H,11,18,4,7,10,13,2,7,2,0,0,0,2022/3
2022-08-06,Mainz,Union Berlin,0,0,D,0,0,H,9,8,4,3,13,16,4,10,0,2,0,0,2022/3
2022-08-04,Bremen,Leipzig,2,1,H,1,1,H,9,10,4,4,10,11,2,6,3,0,0,0,2022/3
2022-08-12,Frankfurt,Leipzig,2,0,H,1,0,H,17,12,5,5,12,9,7,4,1,2,0,0,2022/3
2022-08-20,Heidenheim,Frankfurt,0,0,D,0,0,H,12,14,4,6,11,8,2,2,3,3,0,0,2022/3
2022-08-21,Augsburg,Freiburg,1,1,D,0,1,H,5,8,2,3,17,14,3,6,2,2,0,0,2022/3
2022-08-24,Leipzig,Stuttgart,1,2,A,1,0,H,24,13,9,5,8,16,7,6,1,0,0,0,2022/3
2022-08-25,Union Berlin,Bayern Munich,0,3,A,0,2,H,4,22,1,8,9,14,3,4,3,0,0,0,2022/3
2022-08-14,St. Pauli,Leverkusen,0,1,A,0,1,H,8,8,3,3,15,8,2,3,3,1,0,0,2022/3
2022-08-23,Stuttgart,Bochum,0,1,A,0,1,H,11,11,4,5,10,12,2,6,1,1,0,0,2022/3
2022-08-20,Freiburg,Wolfsburg,0,1,A,0,1,H,11,9,5,2,16,11,4,4,0,3,0,0,2022/3
2022-08-10,Bochum,Union Berlin,0,0,D,0,0,H,9,12,4,4,8,9,3,7,0,2,0,0,2022/3
2022-08-28,Bayern Munich,Dortmund,3,2,H,2,0,H,19,16,8,6,12,10,5,4,0,1,0,0,2022/3
2022-08-23,Frankfurt,Dortmund,2,1,H,2,0,H,11,6,5,2,17,12,6,2,3,3,0,0,2022/3
2022-08-17,Bochum,Mainz,2,3,A,1,2,H,5,6,1,2,14,18,3,6,0,2,0,0,2022/3
2022-08-04,Wolfsburg,Freiburg,0,0,D,0,0,H,14,10,5,4,12,15,4,2,2,1,0,0,2022/3
2022-08-02,Monchengladbach,Freiburg,0,0,D,0,0,H,12,10,3,3,13,12,5,2,1,2,0,0,2022/3
2022-08-17,Holstein Kiel,Leverkusen,0,1,A,0,0,H,11,8,4,3,10,14,9,6,0,0,0,0,2022/3
2022-08-06,Bochum,Monchengladbach,0,1,A,0,0,H,11,9,4,3,17,17,3,9,1,0,0,0,2022/3
2022-08-14,Augsburg,St. Pauli,1,0,H,0,0,H,7,9,2,3,17,18,5,5,3,1,0,0,2022/3
2022-08-03,Bayern Munich,Leipzig,4,3,H,3,3,H,13,12,4,4,17,12,3,2,0,0,0,0,2022/3
2022-08-01,Stuttgart,Dortmund,1,2,A,1,0,H,13,13,5,5,17,11,3,2,2,1,0,0,2022/3
2022-08-14,Bremen,Bochum,2,0,H,0,0,H,11,9,3,2,18,10,9,8,1,2,0,0,2022/3
2022-08-20,Heidenheim,Bayern Munich,1,2,A,0,1,H,8,13,2,5,11,11,5,7,2,1,0,0,2022/3
2022-08-14,Bochum,Augsburg,0,0,D,0,0,H,13,7,6,2,17,12,5,6,0,3,0,0,2022/3
2022-08-24,Frankfurt,Union Berlin,0,1,A,0,0,H,11,6,3,2,16,10,3,6,3,1,0,0,2022/3
2022-08-27,Mainz,Holstein Kiel,0,1,A,0,0,H,3,8,1,2,8,17,10,5,2,1,0,0,2022/3
2022-08-26,Freiburg,Frankfurt,1,0,H,1,0,H,10,11,4,5,17,13,7,4,2,3,0,0,2022/3
2022-08-20,Holstein Kiel,Bremen,0,2,A,0,1,H,3,7,1,2,14,12,4,3,2,1,0,0,2022/3
2022-08-02,Bochum,Frankfurt,0,0,D,0,0,H,8,9,3,3,12,15,3,4,0,1,0,0,2022/3
2022-08-05,Mainz,Bremen,2,0,H,0,0,H,11,8,5,2,16,16,3,6,3,1,0,0,2022/3
2022-08-13,Leipzig,St. Pauli,1,0,H,1,0,H,10,8,4,3,18,14,3,7,3,3,0,0,2022/3
2022-08-14,Heidenheim,Bremen,0,2,A,0,2,H,9,4,3,1,9,15,11,2,0,3,0,0,2022/3
2022-08-03,Bayern Munich,Augsburg,0,0,D,0,0,H,21,8,7,3,9,8,3,3,1,2,0,0,2022/3
2022-08-11,Bremen,Frankfurt,1,0,H,0,0,H,10,7,4,2,14,15,3,2,2,3,0,0,2022/3
2022-08-24,Dortmund,Leverkusen,0,4,A,0,1,H,17,11,7,3,16,14,2,6,0,0,0,0,2022/3
2022-08-22,Dortmund,Augsburg,2,0,H,2,0,H,16,5,5,2,10,11,4,4,2,1,0,0,2022/3
2022-08-19,Hoffenheim,Bremen,2,0,H,1,0,H,10,10,4,4,16,13,2,6,0,2,0,0,2022/3
2022-08-14,Bochum,Wolfsburg,0,0,D,0,0,H,8,6,3,2,17,11,5,5,3,2,0,0,2022/3
2022-08-06,Augsburg,Bochum,0,0,D,0,0,H,4,7,1,3,16,14,2,2,0,3,0,0,2022/3
2022-08-15,Hoffenheim,Leipzig,1,0,H,1,0,H,8,14,2,5,9,12,7,4,0,1,0,0,2022/3
2022-08-11,Heidenheim,Leipzig,0,2,A,0,2,H,13,17,5,5,15,14,4,3,1,3,0,0,2022/3
2022-08-14,Leverkusen,Frankfurt,1,1,D,1,0,H,12,14,5,4,11,16,7,3,2,1,0,0,2022/3
2022-08-13,St. Pauli,Union Berlin,0,1,A,0,0,H,8,9,3,2,11,13,4,2,2,1,0,0,2022/3
2022-08-25,Union Berlin,Freiburg,0,0,D,0,0,H,9,17,2,5,10,15,4,3,3,2,0,0,2022/3
2022-08-10,Holstein Kiel,Dortmund,0,0,D,0,0,H,9,13,3,3,18,16,2,3,2,1,0,0,2022/3
2022-08-13,Union Berlin,Monchengladbach,1,1,D,1,0,H,7,5,2,1,15,8,6,9,1,3,0,0,2022/3
2022-08-07,St. Pauli,Bochum,0,0,D,0,0,H,3,8,1,3,12,12,5,6,2,1,0,0,2022/3
2022-08-24,Augsburg,Union Berlin,1,1,D,0,1,H,8,10,3,4,11,11,4,6,0,0,0,0,2022/3
2022-08-14,Leipzig,Monchengladbach,2,0,H,2,0,H,16,12,5,4,9,15,7,8,0,3,0,0,2022/3
2022-08-28,Freiburg,Mainz,1,1,D,1,1,H,10,7,4,2,13,15,3,5,3,3,0,0,2022/3
2022-08-13,Bremen,Monchengladbach,1,0,H,1,0,H,8,7,2,2,15,16,9,2,2,0,0,0,2022/3
2022-08-16,Frankfurt,Monchengladbach,0,0,D,0,0,H,11,9,4,4,15,12,6,6,3,2,0,0,2022/3
2022-08-27,Bremen,Freiburg,0,0,D,0,0,H,6,11,2,5,16,13,2,6,1,2,0,0,2022/3
2022-08-27,Monchengladbach,Frankfurt,0,0,D,0,0,H,14,11,5,3,8,11,4,3,3,3,0,0,2022/3
2022-08-05,Monchengladbach,Bremen,0,1,A,0,0,H,6,7,2,2,8,15,9,8,3,3,0,0,2022/3
2022-08-03,Stuttgart,Leverkusen,1,2,A,0,0,H,11,17,4,5,9,13,3,2,3,1,0,0,2022/3
2022-08-02,Stuttgart,Union Berlin,2,1,H,0,1,H,5,7,2,2,18,8,16,2,2,0,0,0,2022/3
2022-08-08,Hoffenheim,Leverkusen,0,1,A,0,1,H,5,5,1,2,12,12,4,3,2,1,0,0,2022/3
2022-08-12,Leverkusen,Dortmund,1,1,D,0,0,H,12,22,4,9,11,13,5,6,1,1,0,0,2022/3
2022-08-21,Bayern Munich,Leverkusen,4,2,H,3,0,H,20,11,7,5,18,18,6,5,0,0,0,0,2022/3
2022-08-03,St. Pauli,Bayern Munich,1,2,A,1,0,H,5,9,2,4,8,11,7,4,2,2,0,0,2022/3
2022-08-17,Bayern Munich,Bochum,0,0,D,0,0,H,14,5,5,2,17,17,5,5,3,2,0,0,2022/3
2022-08-17,Union Berlin,Augsburg,0,0,D,0,0,H,7,12,2,5,11,15,5,5,2,3,0,0,2022/3
2022-08-03,Augsburg,Wolfsburg,0,0,D,0,0,H,7,6,2,2,16,18,4,3,3,3,0,0,2022/3
2022-08-13,Hoffenheim,Bayern Munich,1,1,D,0,1,H,13,16,5,6,18,18,2,6,3,1,0,0,2022/3
2022-08-13,Stuttgart,Leipzig,0,0,D,0,0,H,13,9,4,2,13,17,6,5,2,0,0,0,2022/3
2022-08-08,Hoffenheim,Mainz,0,0,D,0,0,H,7,10,2,3,11,8,10,5,1,1,0,0,2022/3
2022-08-27,Bochum,Bayern Munich,0,1,A,0,1,H,8,9,3,3,15,18,3,6,1,3,0,0,2022/3
2022-08-07,Monchengladbach,Holstein Kiel,0,0,D,0,0,H,11,10,3,3,9,16,6,7,3,3,0,0,2022/3
2022-08-18,Heidenheim,Bochum,0,1,A,0,0,H,8,6,3,2,17,9,5,4,2,3,0,0,2022/3
2022-08-28,Frankfurt,Holstein Kiel,0,0,D,0,0,H,8,7,2,2,12,10,2,9,0,1,0,0,2022/3
2022-08-24,Wolfsburg,Leipzig,2,0,H,1,0,H,9,6,2,2,18,10,10,2,1,3,0,0,2022/3
2022-08-24,Bayern Munich,Wolfsburg,1,1,D,0,1,H,19,7,9,2,18,14,3,11,3,2,0,0,2022/3
2022-08-03,Freiburg,Stuttgart,0,3,A,0,3,H,9,14,3,4,11,13,2,3,0,1,0,0,2022/3
2022-08-14,Wolfsburg,St. Pauli,0,0,D,0,0,H,9,4,3,1,13,16,4,3,0,2,0,0,2022/3
2022-08-21,Freiburg,Heidenheim,2,1,H,1,0,H,6,6,2,2,10,9,7,4,3,2,0,0,2022/3
2022-08-17,Heidenheim,Hoffenheim,0,1,A,0,1,H,7,5,2,2,12,18,8,6,0,1,0,0,2022/3
2022-08-17,Mainz,Hoffenheim,1,1,D,0,0,H,8,9,3,3,9,14,5,3,3,2,0,0,2022/3
2022-08-04,Holstein Kiel,Frankfurt,0,0,D,0,0,H,5,9,2,4,17,11,3,2,2,0,0,0,2022/3
2022-08-07,Augsburg,Holstein Kiel,4,0,H,4,0,H,8,8,2,2,16,9,3,12,2,3,0,0,2022/3
2022-08-10,Dortmund,Heidenheim,1,3,A,1,3,H,13,15,5,6,10,9,5,6,2,3,0,0,2022/3
2022-08-19,Hoffenheim,Stuttgart,1,0,H,0,0,H,12,17,5,5,9,10,6,7,0,2,0,0,2022/3
2022-08-10,Frankfurt,Heidenheim,0,0,D,0,0,H,10,5,3,2,14,9,5,10,1,1,0,0,2022/3
2022-08-02,Monchengladbach,Leipzig,0,3,A,0,3,H,13,10,4,3,9,13,6,3,1,0,0,0,2022/3
2022-08-18,Wolfsburg,Stuttgart,1,1,D,0,1,H,12,10,4,3,9,18,5,3,0,0,0,0,2022/3
2022-08-10,Hoffenheim,Holstein Kiel,0,0,D,0,0,H,12,4,4,1,18,13,3,5,2,3,0,0,2022/3
2022-08-10,Mainz,Monchengladbach,0,2,A,0,1,H,8,8,3,3,13,12,4,3,0,1,0,0,2022/3
2022-08-20,Bayern Munich,Hoffenheim,2,0,H,2,0,H,20,8,7,3,12,13,2,3,1,0,0,0,2022/3
2022-08-26,Holstein Kiel,Freiburg,1,0,H,0,0,H,9,5,4,2,9,8,5,2,3,0,0,0,2022/3
2022-08-20,Leipzig,Holstein Kiel,0,0,D,0,0,H,12,8,5,3,9,8,2,4,0,1,0,0,2022/3
2022-08-18,Leverkusen,Holstein Kiel,2,0,H,0,0,H,13,7,5,2,10,14,7,6,1,1,0,0,2022/3
2022-08-13,Frankfurt,Stuttgart,0,1,A,0,0,H,14,15,5,7,10,18,8,4,3,3,0,0,2022/3
2022-08-19,Bayern Munich,Freiburg,2,0,H,1,0,H,19,8,6,2,9,8,4,3,0,2,0,0,2022/3
2022-08-21,Bremen,Bayern Munich,0,0,D,0,0,H,13,11,5,4,13,15,3,6,1,1,0,0,2022/3
2022-08-01,Heidenheim,Wolfsburg,1,0,H,0,0,H,10,12,4,3,8,18,4,3,3,2,0,0,2022/3
2022-08-07,Dortmund,Bremen,1,1,D,0,0,H,13,4,5,1,16,15,5,2,0,1,0,0,2022/3
2022-08-26,Heidenheim,Dortmund,0,0,D,0,0,H,11,16,4,7,8,13,7,3,0,1,0,0,2022/3
2022-08-02,Bochum,Heidenheim,0,0,D,0,0,H,3,13,1,5,12,16,10,6,0,1,0,0,2022/3
2022-08-12,Freiburg,Bayern Munich,1,3,A,0,1,H,14,13,4,4,12,15,4,4,2,3,0,0,2022/3
2022-08-02,Wolfsburg,Bremen,0,0,D,0,0,H,12,7,5,3,17,8,2,7,2,0,0,0,2022/3
2022-08-13,Bremen,Wolfsburg,0,0,D,0,0,H,12,9,5,3,12,11,5,5,0,0,0,0,2022/3
2022-08-05,Heidenheim,Freiburg,1,0,H,0,0,H,6,6,2,2,11,16,8,8,3,3,0,0,2022/3
2022-08-20,Wolfsburg,Union Berlin,1,0,H,0,0,H,4,9,1,4,17,11,8,6,0,1,0,0,2022/3
2022-08-05,Freiburg,Dortmund,0,0,D,0,0,H,11,12,4,3,17,8,3,5,0,0,0,0,2022/3
2022-08-09,Dortmund,St. Pauli,0,0,D,0,0,H,15,5,6,1,15,17,3,4,2,3,0,0,2022/3
2022-08-17,Bochum,Leipzig,0,1,A,0,0,H,11,13,4,3,8,11,5,7,2,0,0,0,2022/3
2022-08-26,Bochum,Freiburg,0,0,D,0,0,H,5,5,2,2,13,11,5,6,1,2,0,0,2022/3
2022-08-26,Bochum,Hoffenheim,0,0,D,0,0,H,3,11,1,3,17,8,14,6,2,1,0,0,2022/3
2022-08-03,Augsburg,Leverkusen,0,2,A,0,2,H,9,7,3,2,14,15,6,5,1,0,0,0,2022/3
2022-08-13,Monchengladbach,Dortmund,0,0,D,0,0,H,9,10,3,4,15,8,2,5,2,3,0,0,2022/3
2022-08-11,Union Berlin,Wolfsburg,2,0,H,1,0,H,13,8,5,3,14,18,5,7,1,1,0,0,2022/3
2022-08-28,Mainz,Leverkusen,1,1,D,0,0,H,7,13,3,5,10,16,2,6,1,0,0,0,2022/3
2022-08-07,Bayern Munich,Bremen,2,2,D,1,1,H,13,12,4,4,8,14,9,5,2,3,0,0,2022/3
2022-08-14,Holstein Kiel,Bochum,1,0,H,0,0,H,9,16,4,6,18,15,5,9,0,3,0,0,2022/3
2022-08-24,St. Pauli,Dortmund,0,1,A,0,0,H,11,11,3,5,12,17,8,3,2,3,0,0,2022/3
2022-08-16,Stuttgart,Bayern Munich,0,1,A,0,1,H,9,16,3,5,13,13,4,9,2,1,0,0,2022/3
2022-08-15,Leverkusen,Bremen,3,0,H,0,0,H,11,8,4,3,12,9,5,5,0,2,0,0,2022/3
2022-08-14,St. Pauli,Frankfurt,0,0,D,0,0,H,11,11,5,5,15,13,6,4,0,0,0,0,2022/3
2022-08-09,Leipzig,Frankfurt,2,2,D,1,0,H,10,14,3,5,17,14,2,10,2,2,0,0,2022/3
2022-08-04,St. Pauli,Mainz,0,1,A,0,0,H,7,11,2,3,17,14,3,2,3,3,0,0,2022/3
2022-08-07,Leipzig,Wolfsburg,1,0,H,1,0,H,13,10,6,3,13,16,5,4,1,0,0,0,2022/3
2022-08-25,Frankfurt,Freiburg,2,0,H,2,0,H,15,10,5,3,13,17,3,6,3,1,0,0,2022/3
2022-08-18,Dortmund,Freiburg,1,1,D,0,0,H,10,6,3,2,11,12,4,5,1,3,0,0,2022/3
2022-08-09,Wolfsburg,Leverkusen,1,0,H,1,0,H,10,10,4,4,14,18,7,5,0,0,0,0,2022/3
2022-08-26,Freiburg,Monchengladbach,1,1,D,0,1,H,9,12,4,4,11,11,9,6,2,0,0,0,2022/3
2022-08-08,Frankfurt,Hoffenheim,3,0,H,2,0,H,12,6,5,2,13,16,11,8,3,3,0,0,2022/3
2022-08-09,Bayern Munich,Monchengladbach,5,1,H,5,1,H,23,13,11,4,14,8,2,4,2,1,0,0,2022/3
2022-08-16,Bremen,Stuttgart,0,0,D,0,0,H,13,6,4,2,12,14,5,2,1,3,0,0,2022/3
2022-08-23,Union Berlin,Stuttgart,0,1,A,0,0,H,13,10,5,3,12,17,3,8,0,0,0,0,2022/3
2022-08-14,St. Pauli,Leipzig,0,1,A,0,0,H,10,8,4,3,15,18,4,2,1,2,0,0,2022/3
2022-08-12,Heidenheim,Stuttgart,0,1,A,0,1,H,7,7,2,3,13,18,2,8,1,1,0,0,2022/3
2022-08-18,Frankfurt,Leverkusen,4,4,D,4,2,H,10,11,3,5,10,9,4,4,1,3,0,0,2022/3
2022-08-16,Leverkusen,Wolfsburg,1,1,D,1,0,H,13,9,6,3,18,16,6,5,2,2,0,0,2022/3
2022-08-01,Holstein Kiel,Stuttgart,1,2,A,0,0,H,4,5,1,2,15,13,4,2,0,0,0,0,2022/3
2022-08-05,Augsburg,Bayern Munich,1,0,H,1,0,H,11,11,4,4,17,18,8,4,2,2,0,0,2022/3
2022-08-22,Leverkusen,Union Berlin,1,0,H,0,0,H,17,10,7,3,9,14,2,10,2,1,0,0,2022/3
2022-08-11,Heidenheim,Leverkusen,0,3,A,0,1,H,10,4,3,1,18,17,10,5,3,2,0,0,2022/3
2022-08-02,Stuttgart,Wolfsburg,0,1,A,0,1,H,12,11,4,4,15,8,5,2,2,2,0,0,2022/3
2022-08-21,Monchengladbach,Leverkusen,0,1,A,0,0,H,13,17,5,7,12,11,6,5,3,3,0,0,2022/3
2022-08-06,Dortmund,Holstein Kiel,1,2,A,0,2,H,10,8,4,3,10,8,3,5,2,0,0,0,2022/3
2022-08-04,Leipzig,Leverkusen,1,1,D,0,1,H,12,11,5,3,13,11,6,3,2,3,0,0,2022/3
2022-08-11,Union Berlin,Leipzig,0,0,D,0,0,H,5,8,2,2,18,12,3,2,3,3,0,0,2022/3
2022-08-22,Union Berlin,Holstein Kiel,0,0,D,0,0,H,12,9,5,3,9,18,9,7,2,3,0,0,2022/3
2022-08-11,Mainz,Frankfurt,0,0,D,0,0,H,12,6,4,2,14,12,5,3,0,1,0,0,2022/3
2022-08-04,Frankfurt,St. Pauli,2,0,H,0,0,H,8,12,3,4,14,16,3,7,2,2,0,0,2022/3
2022-08-05,Monchengladbach,Augsburg,0,0,D,0,0,H,8,3,2,1,16,13,3,3,2,2,0,0,2022/3
2022-08-27,Bayern Munich,Mainz,1,0,H,0,0,H,14,13,6,5,13,15,6,6,2,3,0,0,2022/3
2022-08-05,St. Pauli,Freiburg,0,0,D,0,0,H,8,9,3,3,16,12,3,3,0,1,0,0,2022/3
2022-08-21,Frankfurt,Bremen,1,1,D,0,0,H,14,7,6,3,12,15,9,6,0,2,0,0,2022/3
2022-08-15,Hoffenheim,St. Pauli,0,1,A,0,1,H,3,16,1,6,18,9,5,6,2,3,0,0,2022/3
2022-08-08,Freiburg,Union Berlin,0,0,D,0,0,H,5,8,2,3,12,9,4,3,2,2,0,0,2022/3
2022-08-10,Stuttgart,Monchengladbach,0,1,A,0,1,H,11,8,4,2,13,14,3,8,0,0,0,0,2022/3
2022-08-03,Dortmund,Leipzig,2,1,H,0,1,H,12,6,5,1,15,13,4,4,0,0,0,0,2022/3
2022-08-19,Wolfsburg,Dortmund,0,0,D,0,0,H,7,9,2,3,18,12,3,3,0,3,0,0,2022/3
2022-08-11,Mainz,Bayern Munich,1,1,D,1,0,H,9,15,3,6,18,9,2,3,3,1,0,0,2022/3
2022-08-22,Mainz,Wolfsburg,0,0,D,0,0,H,8,7,3,3,16,17,5,6,3,3,0,0,2022/3
2022-08-16,Leverkusen,Monchengladbach,1,1,D,1,0,H,17,7,8,3,11,13,2,4,2,3,0,0,2022/3
2022-08-07,Bayern Munich,Stuttgart,3,1,H,1,0,H,13,17,4,6,12,9,6,4,1,1,0,0,2022/3
2022-08-03,Leverkusen,Hoffenheim,3,1,H,3,1,H,19,6,8,2,12,11,4,6,0,3,0,0,2022/3
2022-08-20,Stuttgart,Mainz,0,0,D,0,0,H,12,11,4,3,11,14,8,6,3,1,0,0,2022/3
2022-08-25,Mainz,Dortmund,0,0,D,0,0,H,10,11,4,4,9,12,6,2,0,1,0,0,2022/3
2022-08-02,Dortmund,Wolfsburg,2,0,H,2,0,H,9,9,4,2,15,18,2,5,1,2,0,0,2022/3
2022-08-13,Leverkusen,Mainz,0,0,D,0,0,H,16,14,5,6,8,16,6,2,1,2,0,0,2022/3
2022-08-16,Union Berlin,Hoffenheim,1,1,D,1,0,H,11,7,4,3,17,12,7,4,0,1,0,0,2022/3
2022-08-19,Bremen,Heidenheim,1,0,H,0,0,H,10,9,4,3,9,9,9,3,1,1,0,0,2022/3
2022-08-22,Bayern Munich,Holstein Kiel,3,1,H,2,1,H,17,7,5,2,10,13,4,5,1,3,0,0,2022/3
2022-08-19,Mainz,Stuttgart,0,0,D,0,0,H,9,14,3,5,10,13,3,3,2,3,0,0,2022/3
2022-08-21,Union Berlin,Heidenheim,0,0,D,0,0,H,5,10,1,3,12,14,2,7,2,1,0,0,2022/3
2022-08-03,Bayern Munich,Frankfurt,2,1,H,0,0,H,20,14,7,5,9,16,5,7,0,2,0,0,2022/3
2022-08-01,Heidenheim,Mainz,1,0,H,0,0,H,9,11,3,4,18,13,4,7,1,0,0,0,2022/3
2022-08-19,Wolfsburg,Holstein Kiel,1,0,H,1,0,H,6,10,2,3,11,15,4,6,3,2,0,0,2022/3
2022-08-03,Heidenheim,Union Berlin,1,0,H,1,0,H,6,9,2,4,12,14,3,4,1,1,0,0,2022/3
2022-08-08,Mainz,Heidenheim,1,0,H,0,0,H,5,10,2,3,13,12,5,4,0,0,0,0,2022/3
2022-08-01,Hoffenheim,Bochum,1,0,H,0,0,H,8,6,3,2,11,8,5,5,3,3,0,0,2022/3
2022-08-01,Freiburg,Bremen,2,0,H,0,0,H,5,8,1,3,14,18,5,2,3,3,0,0,2022/3
2022-08-24,Dortmund,Bochum,0,1,A,0,0,H,12,11,5,4,17,13,8,5,0,3,0,0,2022/3
2022-08-06,Freiburg,Holstein Kiel,0,0,D,0,0,H,5,9,2,3,9,15,6,6,1,0,0,0,2022/3
2022-08-22,Augsburg,Stuttgart,0,1,A,0,0,H,8,7,3,2,12,9,4,4,3,1,0,0,2022/3
2022-08-10,Freiburg,Augsburg,1,0,H,0,0,H,8,6,3,2,18,13,3,9,3,2,0,0,2022/3
2022-08-13,Bayern Munich,Union Berlin,2,0,H,0,0,H,12,4,3,1,8,13,5,4,1,0,0,0,2022/3
2022-08-19,Augsburg,Leipzig,1,0,H,0,0,H,9,15,4,6,15,18,7,5,0,1,0,0,2022/3
2022-08-20,Hoffenheim,Wolfsburg,1,0,H,0,0,H,14,13,6,4,15,18,2,10,0,0,0,0,2022/3
2022-08-07,Leipzig,Hoffenheim,2,2,D,1,1,H,14,11,5,4,14,16,5,4,1,3,0,0,2022/3
2022-08-11,Dortmund,Mainz,3,1,H,1,0,H,19,7,6,2,11,9,3,5,1,3,0,0,2022/3
2022-08-26,Leverkusen,Heidenheim,0,1,A,0,1,H,6,7,2,2,8,10,5,4,1,0,0,0,2022/3
2022-08-17,Augsburg,Monchengladbach,1,0,H,1,0,H,13,6,5,2,15,13,5,6,2,0,0,0,2022/3
2022-08-12,Holstein Kiel,Heidenheim,2,0,H,1,0,H,11,7,4,2,16,11,6,2,2,1,0,0,2022/3
2022-08-15,Leipzig,Mainz,2,0,H,1,0,H,11,6,3,2,11,13,6,5,0,3,0,0,2022/3
2022-08-23,Hoffenheim,Frankfurt,0,0,D,0,0,H,4,7,1,2,13,9,6,3,0,1,0,0,2022/3
2022-08-05,Holstein Kiel,St. Pauli,0,0,D,0,0,H,8,9,3,4,16,11,4,8,1,0,0,0,2022/3
2022-08-16,Hoffenheim,Union Berlin,0,0,D,0,0,H,9,5,4,2,17,17,6,5,0,1,0,0,2022/3
2022-08-16,Augsburg,Mainz,0,0,D,0,0,H,6,7,2,2,9,15,6,2,0,1,0,0,2022/3
2022-08-19,Monchengladbach,Heidenheim,0,0,D,0,0,H,12,6,4,1,12,9,5,5,1,2,0,0,2022/3
2022-08-13,Stuttgart,Freiburg,2,0,H,0,0,H,14,10,4,3,12,16,3,3,1,2,0,0,2022/3
2022-08-18,Wolfsburg,Hoffenheim,1,1,D,1,0,H,13,11,5,3,15,14,5,6,3,3,0,0,2022/3
2022-08-08,Holstein Kiel,Union Berlin,1,0,H,1,0,H,7,7,2,2,12,13,3,4,3,1,0,0,2022/3
2022-08-08,Bremen,Union Berlin,0,0,D,0,0,H,10,6,3,2,11,10,4,4,2,3,0,0,2022/3
2022-08-16,Frankfurt,Bochum,1,1,D,0,0,H,11,6,4,2,12,13,5,7,0,0,0,0,2022/3
2022-08-10,Monchengladbach,Bayern Munich,0,1,A,0,0,H,13,22,5,6,15,11,7,5,0,0,0,0,2022/3
2022-08-06,Dortmund,Stuttgart,0,2,A,0,2,H,11,6,5,2,15,8,7,7,3,2,0,0,2022/3
2022-08-27,Bochum,Bremen,0,1,A,0,0,H,7,10,2,3,9,9,3,2,0,0,0,0,2022/3
2022-08-15,Leipzig,Dortmund,1,0,H,0,0,H,14,13,5,4,13,12,5,6,2,3,0,0,2022/3
2022-08-06,Bremen,Hoffenheim,2,1,H,0,1,H,9,12,3,4,14,18,6,3,1,2,0,0,2022/3
2022-08-07,Dortmund,Union Berlin,0,0,D,0,0,H,16,8,7,2,17,8,3,8,2,3,0,0,2022/3
2022-08-13,Holstein Kiel,Wolfsburg,0,0,D,0,0,H,8,10,3,4,17,17,3,3,1,3,0,0,2022/3
2022-08-16,Leverkusen,Bochum,0,1,A,0,0,H,10,8,4,3,8,17,5,4,3,3,0,0,2022/3
2022-08-21,Stuttgart,Bremen,0,0,D,0,0,H,14,10,5,3,11,17,4,4,3,1,0,0,2022/3
2022-08-26,Leverkusen,Augsburg,1,0,H,0,0,H,9,7,3,3,15,9,4,4,0,0,0,0,2022/3
2022-08-18,St. Pauli,Heidenheim,0,0,D,0,0,H,9,5,4,1,17,14,2,2,1,1,0,0,2022/3
2022-08-06,Stuttgart,Heidenheim,0,0,D,0,0,H,11,6,4,2,12,11,2,2,1,1,0,0,2022/3
2022-08-07,Stuttgart,Frankfurt,3,0,H,2,0,H,8,7,2,3,17,17,7,4,1,2,0,0,2022/3
2022-08-01,Dortmund,Hoffenheim,1,1,D,0,0,H,20,10,7,4,14,17,8,8,2,1,0,0,2022/3
2022-08-07,Bremen,Augsburg,2,0,H,1,0,H,8,12,3,5,13,15,8,4,3,2,0,0,2022/3
2022-08-08,Union Berlin,Leverkusen,0,0,D,0,0,H,11,13,3,5,15,8,3,4,0,3,0,0,2022/3
2022-08-11,Leipzig,Bochum,2,0,H,1,0,H,10,10,4,4,12,16,3,5,3,2,0,0,2022/3
2022-08-26,Freiburg,Leipzig,2,0,H,0,0,H,13,12,5,5,16,8,7,7,2,1,0,0,2022/3
2022-08-01,Leipzig,Bayern Munich,2,2,D,0,1,H,14,16,6,6,13,11,6,2,3,3,0,0,2022/3
2022-08-01,Bremen,Mainz,0,0,D,0,0,H,10,12,3,4,15,16,5,9,3,3,0,0,2022/3
2022-08-19,Bayern Munich,St. Pauli,3,0,H,1,0,H,8,11,2,3,10,10,5,4,0,1,0,0,2022/3
2022-08-20,Augsburg,Hoffenheim,1,0,H,1,0,H,6,8,1,3,13,16,3,5,3,3,0,0,2022/3
2022-08-18,Stuttgart,Hoffenheim,1,0,H,0,0,H,14,6,6,2,15,17,6,8,3,1,0,0,2022/3
2022-08-03,Mainz,Freiburg,2,0,H,2,0,H,9,7,3,3,12,10,6,4,2,2,0,0,2022/3
2022-08-22,St. Pauli,Monchengladbach,0,0,D,0,0,H,10,11,4,4,17,14,7,4,2,2,0,0,2022/3
2022-08-18,Holstein Kiel,Augsburg,1,0,H,0,0,H,6,6,2,2,16,8,6,9,3,0,0,0,2022/3
2022-08-10,Mainz,Leipzig,1,1,D,1,0,H,14,11,4,4,13,18,4,4,0,1,0,0,2022/3
2022-08-25,Bochum,Stuttgart,2,0,H,0,0,H,9,7,2,3,8,9,5,2,3,2,0,0,2022/3
2022-08-16,St. Pauli,Holstein Kiel,1,1,D,0,0,H,8,8,2,2,17,10,4,3,0,0,0,0,2022/3
2022-08-11,Leipzig,Heidenheim,0,0,D,0,0,H,10,10,3,4,18,8,4,4,0,2,0,0,2022/3
2022-08-06,Mainz,Augsburg,1,0,H,0,0,H,4,9,1,3,8,11,7,4,3,0,0,0,2022/3
2022-08-26,Stuttgart,St. Pauli,1,1,D,0,0,H,6,8,2,3,11,11,2,5,0,2,0,0,2022/3
2022-08-07,Holstein Kiel,Bayern Munich,0,1,A,0,0,H,6,11,2,4,14,16,3,9,0,3,0,0,2022/3
2022-08-20,Dortmund,Frankfurt,2,1,H,2,0,H,13,15,4,5,10,11,5,3,1,3,0,0,2022/3
2022-08-23,Bremen,St. Pauli,0,0,D,0,0,H,9,10,3,3,9,17,9,2,3,0,0,0,2022/3
2022-08-20,Freiburg,Bochum,0,0,D,0,0,H,12,11,3,4,15,18,4,4,1,0,0,0,2022/3
2022-08-28,Leipzig,Union Berlin,1,2,A,0,1,H,12,9,4,2,16,10,3,4,2,1,0,0,2022/3
2022-08-01,Monchengladbach,Wolfsburg,0,0,D,0,0,H,12,10,5,3,12,17,5,5,1,3,0,0,2022/3
2022-08-18,Union Berlin,Bochum,0,0,D,0,0,H,16,8,6,2,18,13,8,6,2,0,0,0,2022/3
2022-08-03,Monchengladbach,Union Berlin,1,0,H,0,0,H,9,9,4,3,12,17,3,3,1,0,0,0,2022/3
2022-08-23,Monchengladbach,Mainz,1,0,H,0,0,H,17,9,7,3,9,12,7,7,1,2,0,0,2022/3
2022-08-13,Wolfsburg,Bochum,0,0,D,0,0,H,10,13,3,4,10,13,10,5,0,1,0,0,2022/3
2022-08-26,Heidenheim,Holstein Kiel,2,1,H,1,1,H,11,8,4,3,15,15,3,6,1,3,0,0,2022/3
2022-08-10,Stuttgart,Augsburg,1,1,D,0,0,H,6,6,2,2,11,18,7,9,2,1,0,0,2022/3
2022-08-17,Bochum,Holstein Kiel,0,0,D,0,0,H,16,9,5,4,15,10,3,4,3,2,0,0,2022/3
2022-08-10,Monchengladbach,St. Pauli,0,0,D,0,0,H,12,9,4,3,11,16,2,6,0,1,0,0,2022/3
2022-08-18,Heidenheim,Augsburg,0,0,D,0,0,H,14,8,6,2,18,8,9,7,2,1,0,0,2022/3
2022-08-01,Dortmund,Monchengladbach,1,0,H,0,0,H,13,10,4,3,8,17,3,2,2,0,0,0,2022/3
2022-08-14,Leverkusen,Stuttgart,1,0,H,0,0,H,15,15,5,5,10,12,4,7,1,3,0,0,2022/3
2022-08-12,Monchengladbach,Stuttgart,0,1,A,0,0,H,9,11,3,3,12,17,5,3,1,0,0,0,2022/3
2022-08-03,Wolfsburg,Mainz,1,0,H,0,0,H,6,13,2,5,12,18,8,5,0,0,0,0,2022/3
2022-08-04,Hoffenheim,Freiburg,0,1,A,0,0,H,11,6,3,2,15,10,6,8,1,3,0,0,2022/3
2022-08-14,Augsburg,Dortmund,0,4,A,0,1,H,17,11,6,5,17,8,5,6,0,0,0,0,2022/3
2022-08-11,Holstein Kiel,Monchengladbach,0,1,A,0,1,H,11,8,4,2,17,16,4,8,2,3,0,0,2022/3
2022-08-27,Frankfurt,Mainz,2,0,H,0,0,H,12,10,4,4,18,13,9,4,3,3,0,0,2022/3
2022-08-12,Freiburg,St. Pauli,0,0,D,0,0,H,13,3,5,1,11,17,2,2,0,1,0,0,2022/3
2022-08-24,Augsburg,Heidenheim,0,0,D,0,0,H,8,9,2,3,11,14,7,4,2,0,0,0,2022/3
2022-08-02,Wolfsburg,Monchengladbach,1,0,H,1,0,H,10,8,4,2,18,8,12,7,3,2,0,0,2022/3
2022-08-10,Monchengladbach,Bochum,0,0,D,0,0,H,10,7,4,3,10,15,6,4,3,1,0,0,2022/3
2022-08-02,Bremen,Dortmund,0,0,D,0,0,H,11,12,3,5,12,10,5,4,1,0,0,0,2022/3
2022-08-02,Wolfsburg,Bayern Munich,0,3,A,0,1,H,5,14,1,6,14,15,2,6,2,2,0,0,2022/3
2022-08-22,Union Berlin,Frankfurt,1,0,H,0,0,H,14,5,4,2,17,14,8,2,0,2,0,0,2022/3
2022-08-06,Bayern Munich,Heidenheim,3,1,H,1,1,H,11,7,5,2,13,10,3,2,3,1,0,0,2022/3
2022-08-04,St. Pauli,Wolfsburg,1,0,H,0,0,H,4,9,1,4,11,11,5,3,0,3,0,0,2022/3
2022-08-07,Monchengladbach,Hoffenheim,0,0,D,0,0,H,6,5,2,2,8,10,2,3,1,3,0,0,2022/3
2022-08-09,Freiburg,Leverkusen,1,1,D,0,0,H,11,11,3,4,8,18,3,3,2,1,0,0,2022/3
2022-08-02,Frankfurt,Wolfsburg,1,0,H,1,0,H,10,11,3,3,13,9,4,6,3,0,0,0,2022/3
2022-08-16,Leverkusen,Freiburg,3,1,H,2,1,H,17,8,6,3,9,13,2,4,2,2,0,0,2022/3
2022-08-09,Leverkusen,Bayern Munich,3,2,H,3,0,H,18,22,8,10,18,8,5,3,2,1,0,0,2022/3
2022-08-11,Leipzig,Freiburg,2,0,H,1,0,H,14,15,6,5,14,12,2,3,0,0,0,0,2022/3
2022-08-22,Monchengladbach,Mainz,0,0,D,0,0,H,14,9,4,3,8,8,3,7,0,0,0,0,2023/4
2022-08-08,Bochum,Wolfsburg,0,1,A,0,0,H,8,10,3,4,8,15,6,6,2,0,0,0,2023/4
2022-08-09,Union Berlin,Frankfurt,1,0,H,1,0,H,7,13,3,4,14,14,7,10,1,3,0,0,2023/4
2022-08-06,Augsburg,Freiburg,0,0,D,0,0,H,10,10,4,4,10,13,3,9,1,3,0,0,2023/4
2022-08-08,Augsburg,Stuttgart,0,0,D,0,0,H,9,6,2,1,8,10,5,6,1,2,0,0,2023/4
2022-08-04,Holstein Kiel,St. Pauli,0,2,A,0,1,H,7,14,2,6,10,13,3,2,0,2,0,0,2023/4
2022-08-17,Leipzig,Bayern Munich,2,2,D,0,1,H,17,24,7,7,18,10,8,5,0,2,0,0,2023/4
2022-08-04,Frankfurt,Stuttgart,1,2,A,0,1,H,9,7,2,2,10,11,6,3,1,3,0,0,2023/4
2022-08-02,Union Berlin,Hoffenheim,0,0,D,0,0,H,3,4,1,1,17,16,3,5,3,1,0,0,2023/4
2022-08-27,Bayern Munich,Bochum,3,0,H,3,0,H,17,5,6,2,16,12,4,6,2,2,0,0,2023/4
2022-08-18,Frankfurt,Bochum,2,0,H,0,0,H,13,6,5,2,10,12,3,8,3,1,0,0,2023/4
2022-08-10,Leverkusen,Union Berlin,3,0,H,3,0,H,19,9,7,3,13,8,5,6,1,0,0,0,2023/4
2022-08-05,Freiburg,Frankfurt,0,0,D,0,0,H,8,6,3,1,14,18,5,4,3,0,0,0,2023/4
2022-08-19,Monchengladbach,Augsburg,0,1,A,0,0,H,7,9,2,3,14,8,5,6,3,0,0,0,2023/4
2022-08-17,Leverkusen,Holstein Kiel,0,0,D,0,0,H,10,7,4,2,17,9,4,5,0,1,0,0,2023/4
2022-08-20,Stuttgart,Dortmund,2,0,H,1,0,H,11,13,4,5,10,12,5,4,3,3,0,0,2023/4
2022-08-02,Bochum,Frankfurt,0,0,D,0,0,H,11,6,3,1,11,12,4,4,0,2,0,0,2023/4
2022-08-28,Union Berlin,Mainz,1,0,H,1,0,H,13,7,5,2,16,18,8,4,0,2,0,0,2023/4
2022-08-08,Bochum,Bremen,0,1,A,0,0,H,9,6,4,2,10,13,3,5,0,3,0,0,2023/4
2022-08-17,Heidenheim,Freiburg,1,1,D,0,0,H,15,5,5,1,13,14,3,3,0,2,0,0,2023/4
2022-08-10,Hoffenheim,Freiburg,0,0,D,0,0,H,9,13,4,5,18,16,6,7,3,1,0,0,2023/4
2022-08-25,Monchengladbach,Bremen,0,1,A,0,0,H,9,6,3,2,14,12,2,2,2,3,0,0,2023/4
2022-08-16,Augsburg,Heidenheim,0,0,D,0,0,H,13,11,5,4,17,12,8,5,0,3,0,0,2023/4
2022-08-15,Mainz,Monchengladbach,0,0,D,0,0,H,10,7,3,3,12,12,3,10,3,0,0,0,2023/4
2022-08-13,Union Berlin,Bremen,1,0,H,1,0,H,11,11,4,4,17,12,4,9,0,1,0,0,2023/4
2022-08-13,Stuttgart,Hoffenheim,3,1,H,0,1,H,12,8,4,2,8,11,3,2,1,3,0,0,2023/4
2022-08-21,Frankfurt,Holstein Kiel,0,1,A,0,0,H,5,11,1,3,16,8,4,3,2,3,0,0,2023/4
2022-08-03,Heidenheim,Frankfurt,0,1,A,0,0,H,5,7,1,3,8,16,7,4,3,2,0,0,2023/4
2022-08-02,Holstein Kiel,Dortmund,0,0,D,0,0,H,7,13,2,4,14,12,2,4,0,0,0,0,2023/4
2022-08-10,Heidenheim,Bremen,0,1,A,0,1,H,8,13,3,5,16,14,9,3,2,2,0,0,2023/4
2022-08-26,Union Berlin,Heidenheim,0,0,D,0,0,H,4,7,1,2,9,8,6,5,0,3,0,0,2023/4
2022-08-25,Bremen,Freiburg,1,0,H,1,0,H,8,10,2,3,11,18,6,6,3,2,0,0,2023/4
2022-08-02,Dortmund,Wolfsburg,0,1,A,0,0,H,11,9,3,3,15,16,2,2,0,0,0,0,2023/4
2022-08-14,Monchengladbach,Hoffenheim,1,0,H,1,0,H,14,10,4,4,8,8,10,7,2,0,0,0,2023/4
2022-08-26,Stuttgart,Leverkusen,1,0,H,0,0,H,12,5,4,1,13,13,2,5,3,3,0,0,2023/4
2022-08-22,Wolfsburg,St. Pauli,0,0,D,0,0,H,8,8,3,3,17,14,3,5,2,2,0,0,2023/4
2022-08-22,Mainz,Dortmund,0,2,A,0,1,H,7,17,3,6,8,11,2,3,1,2,0,0,2023/4
2022-08-20,Bayern Munich,St. Pauli,2,0,H,1,0,H,17,13,8,4,17,17,6,4,1,3,0,0,2023/4
2022-08-04,Hoffenheim,St. Pauli,0,0,D,0,0,H,5,4,1,1,17,15,4,8,3,1,0,0,2023/4
2022-08-25,Wolfsburg,Dortmund,0,1,A,0,1,H,12,22,5,10,14,10,6,4,2,3,0,0,2023/4
2022-08-26,Union Berlin,Bochum,0,0,D,0,0,H,11,6,5,2,16,13,6,9,3,2,0,0,2023/4
2022-08-22,Mainz,Heidenheim,0,0,D,0,0,H,12,9,5,4,14,16,6,6,3,0,0,0,2023/4
2022-08-19,Holstein Kiel,Bayern Munich,0,2,A,0,0,H,6,28,2,9,11,9,6,7,3,3,0,0,2023/4
2022-08-21,Union Berlin,Bayern Munich,1,1,D,1,0,H,14,20,4,7,9,15,4,9,1,2,0,0,2023/4
2022-08-05,Frankfurt,Mainz,0,0,D,0,0,H,11,5,5,1,13,8,8,9,3,1,0,0,2023/4
2022-08-07,Dortmund,Freiburg,0,0,D,0,0,H,15,14,5,5,17,16,8,2,3,0,0,0,2023/4
2022-08-12,Leverkusen,Augsburg,0,0,D,0,0,H,15,8,7,3,15,8,5,4,1,1,0,0,2023/4
2022-08-24,Wolfsburg,Leipzig,2,1,H,0,0,H,11,13,4,6,16,14,3,4,3,1,0,0,2023/4
2022-08-11,Hoffenheim,Mainz,0,0,D,0,0,H,6,9,2,3,8,17,4,4,1,3,0,0,2023/4
2022-08-26,Leipzig,Frankfurt,2,0,H,2,0,H,5,8,2,3,9,18,5,5,0,0,0,0,2023/4
2022-08-15,Augsburg,Wolfsburg,0,0,D,0,0,H,7,4,2,1,11,16,4,5,2,2,0,0,2023/4
2022-08-03,Monchengladbach,Holstein Kiel,1,0,H,0,0,H,3,6,1,1,11,8,5,2,0,1,0,0,2023/4
2022-08-13,Holstein Kiel,Bremen,0,0,D,0,0,H,14,9,6,3,17,17,6,3,0,3,0,0,2023/4
2022-08-09,Frankfurt,Dortmund,2,2,D,0,2,H,8,11,3,3,18,12,2,8,0,3,0,0,2023/4
2022-08-21,Freiburg,Union Berlin,0,0,D,0,0,H,10,5,3,2,14,13,2,4,2,3,0,0,2023/4
2022-08-17,Bremen,Dortmund,0,0,D,0,0,H,8,17,3,7,16,10,4,9,1,0,0,0,2023/4
2022-08-27,Frankfurt,Bremen,0,0,D,0,0,H,12,7,4,3,12,9,8,6,3,3,0,0,2023/4
2022-08-01,Wolfsburg,Bremen,2,0,H,2,0,H,11,12,5,4,10,11,3,3,3,2,0,0,2023/4
2022-08-17,Wolfsburg,Heidenheim,1,0,H,0,0,H,7,10,2,3,11,13,5,10,0,3,0,0,2023/4
2022-08-08,Bayern Munich,Leipzig,3,0,H,1,0,H,16,14,4,4,17,18,3,5,0,1,0,0,2023/4
2022-08-05,Bayern Munich,Holstein Kiel,1,0,H,1,0,H,17,9,5,4,18,14,10,4,3,0,0,0,2023/4
2022-08-20,Leipzig,St. Pauli,1,0,H,0,0,H,9,6,3,2,17,17,5,6,2,1,0,0,2023/4
2022-08-09,Augsburg,Holstein Kiel,1,0,H,1,0,H,8,11,3,4,12,12,3,8,2,1,0,0,2023/4
2022-08-18,Bremen,Holstein Kiel,2,2,D,0,0,H,13,9,5,3,14,16,6,4,0,0,0,0,2023/4
2022-08-09,Leverkusen,Monchengladbach,2,1,H,0,1,H,13,10,4,3,8,17,2,6,0,2,0,0,2023/4
2022-08-12,Dortmund,Bochum,1,0,H,0,0,H,11,10,5,3,17,18,5,5,0,3,0,0,2023/4
2022-08-20,Bremen,Mainz,0,1,A,0,0,H,5,9,1,3,8,10,5,6,2,0,0,0,2023/4
2022-08-08,Leipzig,Mainz,2,1,H,2,0,H,18,13,8,6,15,10,10,8,0,3,0,0,2023/4
2022-08-07,Wolfsburg,Monchengladbach,2,1,H,1,0,H,6,11,2,4,10,11,2,4,2,2,0,0,2023/4
2022-08-22,Hoffenheim,Dortmund,0,1,A,0,0,H,13,11,4,4,17,17,5,3,3,3,0,0,2023/4
2022-08-07,Union Berlin,Leverkusen,2,1,H,2,0,H,13,9,6,4,17,13,4,8,3,2,0,0,2023/4
2022-08-09,Mainz,St. Pauli,1,1,D,0,1,H,8,9,3,4,15,12,3,5,0,0,0,0,2023/4
2022-08-15,Dortmund,Bayern Munich,1,3,A,1,1,H,18,18,8,8,8,11,2,4,3,1,0,0,2023/4
2022-08-04,Stuttgart,Mainz,1,0,H,0,0,H,10,8,4,3,9,10,6,6,2,2,0,0,2023/4
2022-08-18,Bayern Munich,Leverkusen,0,5,A,0,4,H,14,10,4,4,8,13,6,2,3,1,0,0,2023/4
2022-08-06,St. Pauli,Stuttgart,1,1,D,0,0,H,5,7,2,2,18,12,3,5,1,3,0,0,2023/4
2022-08-02,Frankfurt,Union Berlin,0,1,A,0,0,H,9,7,4,3,15,18,2,4,1,0,0,0,2023/4
2022-08-25,Frankfurt,St. Pauli,1,0,H,1,0,H,5,8,2,3,12,16,4,3,2,1,0,0,2023/4
2022-08-28,Monchengladbach,Frankfurt,1,0,H,0,0,H,10,4,3,1,8,16,5,3,2,1,0,0,2023/4
2022-08-23,Heidenheim,Monchengladbach,1,0,H,0,0,H,8,7,3,2,10,15,5,4,3,1,0,0,2023/4
2022-08-11,Leverkusen,Bochum,2,1,H,2,1,H,11,16,3,7,13,13,4,3,0,0,0,0,2023/4
2022-08-20,Augsburg,Bochum,0,0,D,0,0,H,8,9,2,3,12,16,7,4,2,1,0,0,2023/4
2022-08-07,Dortmund,Heidenheim,1,0,H,0,0,H,18,4,6,1,14,8,3,4,3,1,0,0,2023/4
2022-08-08,Wolfsburg,Mainz,0,0,D,0,0,H,10,8,3,3,8,11,4,4,2,1,0,0,2023/4
2022-08-26,Freiburg,Dortmund,1,0,H,1,0,H,10,9,3,3,11,17,7,7,0,3,0,0,2023/4
2022-08-20,Leverkusen,Bayern Munich,0,0,D,0,0,H,15,10,7,3,9,14,4,4,3,1,0,0,2023/4
2022-08-27,St. Pauli,Leverkusen,0,0,D,0,0,H,11,11,5,4,16,15,8,6,2,0,0,0,2023/4
2022-08-09,Hoffenheim,Heidenheim,1,1,D,1,0,H,13,4,4,1,9,8,6,4,3,0,0,0,2023/4
2022-08-18,St. Pauli,Monchengladbach,0,0,D,0,0,H,10,5,3,1,12,12,2,6,2,0,0,0,2023/4
2022-08-05,Augsburg,Bremen,0,0,D,0,0,H,7,5,2,1,17,14,4,5,1,0,0,0,2023/4
2022-08-27,Bayern Munich,Stuttgart,5,2,H,1,1,H,18,10,5,3,8,18,6,3,3,3,0,0,2023/4
2022-08-06,Stuttgart,Union Berlin,1,0,H,0,0,H,14,12,4,4,13,13,8,7,1,1,0,0,2023/4
2022-08-02,Mainz,Frankfurt,1,0,H,1,0,H,11,8,5,3,13,16,3,7,1,3,0,0,2023/4
2022-08-24,Holstein Kiel,Leverkusen,2,1,H,2,0,H,10,16,3,7,8,12,3,3,3,3,0,0,2023/4
2022-08-12,Leverkusen,Frankfurt,2,1,H,1,1,H,16,13,7,4,8,9,4,9,0,0,0,0,2023/4
2022-08-22,Stuttgart,Heidenheim,2,0,H,1,0,H,11,10,5,3,14,10,5,6,3,3,0,0,2023/4
2022-08-03,Hoffenheim,Bremen,0,0,D,0,0,H,7,10,2,3,15,12,12,7,0,1,0,0,2023/4
2022-08-26,Monchengladbach,Heidenheim,1,1,D,0,1,H,6,10,2,4,16,8,6,8,3,0,0,0,2023/4
2022-08-10,Mainz,Stuttgart,1,0,H,1,0,H,12,9,5,4,10,10,2,2,1,2,0,0,2023/4
2022-08-24,Leipzig,Monchengladbach,1,0,H,0,0,H,13,10,5,3,13,17,5,7,1,0,0,0,2023/4
2022-08-15,Hoffenheim,Leipzig,0,0,D,0,0,H,16,7,6,2,15,17,5,6,0,0,0,0,2023/4
2022-08-08,Bochum,Leverkusen,0,0,D,0,0,H,8,4,3,1,8,12,3,5,2,3,0,0,2023/4
2022-08-28,Leipzig,Bochum,0,0,D,0,0,H,15,16,7,5,18,9,7,3,0,3,0,0,2023/4
2022-08-17,Mainz,Leverkusen,1,0,H,1,0,H,17,12,8,4,17,15,5,6,0,0,0,0,2023/4
2022-08-25,Union Berlin,Augsburg,0,0,D,0,0,H,12,12,5,4,11,11,7,4,3,3,0,0,2023/4
2022-08-22,Wolfsburg,Union Berlin,0,0,D,0,0,H,10,3,3,1,9,10,7,8,1,0,0,0,2023/4
2022-08-24,Leverkusen,Heidenheim,0,0,D,0,0,H,12,6,4,2,9,11,3,4,3,1,0,0,2023/4
2022-08-02,Heidenheim,Dortmund,0,1,A,0,1,H,14,10,6,4,11,11,5,4,3,2,0,0,2023/4
2022-08-18,Augsburg,Frankfurt,1,0,H,0,0,H,5,12,1,5,17,16,5,3,3,0,0,0,2023/4
2022-08-15,Hoffenheim,Holstein Kiel,0,0,D,0,0,H,4,8,1,3,14,11,5,5,0,0,0,0,2023/4
2022-08-19,Heidenheim,Leipzig,0,1,A,0,0,H,6,9,2,3,17,18,3,6,2,2,0,0,2023/4
2022-08-26,Union Berlin,Leipzig,0,0,D,0,0,H,12,11,5,3,12,12,5,5,0,0,0,0,2023/4
2022-08-05,Stuttgart,Bochum,1,1,D,1,0,H,5,8,2,3,14,18,7,4,2,2,0,0,2023/4
2022-08-19,St. Pauli,Wolfsburg,0,0,D,0,0,H,7,7,2,2,9,14,9,7,0,2,0,0,2023/4
2022-08-20,Bochum,Hoffenheim,0,0,D,0,0,H,5,15,2,5,16,13,6,4,0,3,0,0,2023/4
2022-08-17,Dortmund,St. Pauli,2,0,H,0,0,H,8,7,3,2,13,15,7,6,1,3,0,0,2023/4
2022-08-16,Bremen,Heidenheim,1,0,H,0,0,H,8,7,3,2,16,12,6,3,1,2,0,0,2023/4
2022-08-15,Union Berlin,Monchengladbach,0,0,D,0,0,H,9,8,4,2,18,18,5,7,0,3,0,0,2023/4
2022-08-28,Leverkusen,Mainz,0,0,D,0,0,H,10,16,4,6,11,13,2,4,0,0,0,0,2023/4
2022-08-07,Leverkusen,Dortmund,1,3,A,1,0,H,7,15,2,4,11,16,11,6,2,2,0,0,2023/4
2022-08-11,St. Pauli,Leipzig,0,0,D,0,0,H,8,16,3,6,10,16,3,3,2,0,0,0,2023/4
2022-08-27,Frankfurt,Leipzig,0,1,A,0,0,H,8,13,3,6,18,14,4,6,2,1,0,0,2023/4
2022-08-26,Frankfurt,Monchengladbach,1,0,H,0,0,H,11,8,4,3,9,12,5,7,3,1,0,0,2023/4
2022-08-08,Leipzig,Leverkusen,0,4,A,0,1,H,15,14,5,6,12,15,6,3,3,0,0,0,2023/4
2022-08-08,St. Pauli,Bremen,0,0,D,0,0,H,7,7,2,2,13,13,5,5,2,2,0,0,2023/4
2022-08-02,Dortmund,Holstein Kiel,1,0,H,0,0,H,15,6,4,2,8,14,3,2,0,3,0,0,2023/4
2022-08-26,Frankfurt,Heidenheim,0,0,D,0,0,H,14,5,6,1,13,17,5,6,2,3,0,0,2023/4
2022-08-08,Dortmund,Monchengladbach,0,0,D,0,0,H,15,14,4,5,18,17,7,6,0,1,0,0,2023/4
2022-08-11,Wolfsburg,Hoffenheim,2,0,H,1,0,H,10,3,4,1,8,15,7,4,3,0,0,0,2023/4
2022-08-21,Stuttgart,Bremen,0,0,D,0,0,H,11,10,3,4,11,18,7,3,0,2,0,0,2023/4
2022-08-22,Mainz,Hoffenheim,0,0,D,0,0,H,10,10,4,3,8,12,7,2,2,2,0,0,2023/4
2022-08-14,Bremen,Bayern Munich,2,3,A,1,1,H,5,21,2,6,11,13,4,4,3,0,0,0,2023/4
2022-08-10,Holstein Kiel,Monchengladbach,0,2,A,0,2,H,5,11,2,5,11,11,2,5,1,3,0,0,2023/4
2022-08-09,Bayern Munich,Union Berlin,1,0,H,0,0,H,14,11,5,4,18,14,6,4,0,0,0,0,2023/4
2022-08-13,Leverkusen,Freiburg,3,0,H,0,0,H,16,8,7,3,18,10,3,6,3,0,0,0,2023/4
2022-08-12,Freiburg,Bochum,0,0,D,0,0,H,6,9,1,3,13,18,5,3,0,3,0,0,2023/4
2022-08-15,St. Pauli,Mainz,1,1,D,0,1,H,15,7,4,3,8,9,7,7,2,0,0,0,2023/4
2022-08-10,Heidenheim,Bayern Munich,1,3,A,1,2,H,14,18,5,6,17,8,7,10,3,3,0,0,2023/4
2022-08-24,Heidenheim,St. Pauli,1,0,H,0,0,H,12,10,5,3,9,16,7,5,1,1,0,0,2023/4
2022-08-27,Monchengladbach,Leipzig,0,1,A,0,0,H,9,3,3,1,9,17,3,7,1,3,0,0,2023/4
2022-08-08,Monchengladbach,Leverkusen,3,1,H,0,0,H,11,13,3,6,8,15,3,4,0,1,0,0,2023/4
2022-08-05,Hoffenheim,Frankfurt,1,1,D,0,0,H,7,9,3,4,10,16,7,4,1,3,0,0,2023/4
2022-08-10,Augsburg,Union Berlin,0,0,D,0,0,H,12,5,4,1,17,16,6,6,2,3,0,0,2023/4
2022-08-18,Leipzig,Holstein Kiel,0,0,D,0,0,H,11,3,4,1,10,8,3,5,3,1,0,0,2023/4
2022-08-24,Monchengladbach,Dortmund,0,0,D,0,0,H,18,9,7,3,8,9,2,4,1,3,0,0,2023/4
2022-08-23,Augsburg,Mainz,0,0,D,0,0,H,10,9,4,3,14,13,5,2,2,1,0,0,2023/4
2022-08-14,Bochum,Freiburg,0,0,D,0,0,H,9,12,3,5,8,18,2,2,3,2,0,0,2023/4
2022-08-11,Dortmund,Bremen,0,0,D,0,0,H,14,13,4,6,10,13,9,2,3,1,0,0,2023/4
2022-08-18,Union Berlin,Wolfsburg,1,1,D,0,0,H,9,6,3,2,12,8,2,7,3,0,0,0,2023/4
2022-08-15,Bochum,Heidenheim,0,0,D,0,0,H,9,9,3,3,15,8,9,5,3,0,0,0,2023/4
2022-08-05,Leipzig,Freiburg,3,0,H,3,0,H,13,11,5,4,16,12,2,6,1,3,0,0,2023/4
2022-08-05,Bochum,Holstein Kiel,0,0,D,0,0,H,10,10,3,4,14,18,2,7,0,3,0,0,2023/4
2022-08-16,Bochum,Stuttgart,1,1,D,0,1,H,6,7,1,2,9,18,4,6,3,0,0,0,2023/4
2022-08-26,Holstein Kiel,Bochum,0,0,D,0,0,H,11,4,4,1,11,9,2,6,3,3,0,0,2023/4
2022-08-21,Bayern Munich,Frankfurt,2,4,A,1,1,H,17,10,8,4,9,10,8,7,3,1,0,0,2023/4
2022-08-05,Heidenheim,Hoffenheim,0,0,D,0,0,H,6,9,2,4,16,18,2,6,2,1,0,0,2023/4
2022-08-26,Hoffenheim,Monchengladbach,0,1,A,0,0,H,7,8,2,3,8,9,4,8,0,2,0,0,2023/4
2022-08-16,Leipzig,Bremen,1,1,D,1,1,H,11,6,3,2,8,16,6,4,3,3,0,0,2023/4
2022-08-21,Freiburg,Leverkusen,0,1,A,0,0,H,11,5,3,1,9,8,3,8,3,2,0,0,2023/4
2022-08-12,Mainz,Augsburg,0,0,D,0,0,H,3,11,1,4,15,17,10,5,3,3,0,0,2023/4
2022-08-02,Leipzig,Union Berlin,0,0,D,0,0,H,11,10,3,3,13,9,6,7,0,0,0,0,2023/4
2022-08-02,Augsburg,Dortmund,0,1,A,0,0,H,6,9,1,3,9,15,5,3,2,0,0,0,2023/4
2022-08-10,Holstein Kiel,Stuttgart,0,0,D,0,0,H,6,8,1,2,17,15,4,4,1,1,0,0,2023/4
2022-08-22,Stuttgart,Bayern Munich,1,1,D,0,1,H,8,11,2,3,10,17,2,3,3,2,0,0,2023/4
2022-08-22,Wolfsburg,Bayern Munich,0,3,A,0,2,H,11,15,4,6,18,18,7,3,2,1,0,0,2023/4
2022-08-15,Wolfsburg,Augsburg,0,0,D,0,0,H,12,10,5,4,12,12,3,5,1,2,0,0,2023/4
2022-08-09,Bremen,Hoffenheim,0,0,D,0,0,H,4,7,1,3,18,18,8,3,1,0,0,0,2023/4
2022-08-07,Bremen,Bochum,0,0,D,0,0,H,8,8,2,3,15,12,2,5,0,2,0,0,2023/4
2022-08-25,Holstein Kiel,Freiburg,0,0,D,0,0,H,15,10,5,3,17,11,6,3,3,3,0,0,2023/4
2022-08-20,Wolfsburg,Frankfurt,0,2,A,0,1,H,8,11,3,5,15,14,9,7,0,3,0,0,2023/4
2022-08-25,Bremen,Union Berlin,2,0,H,1,0,H,9,14,3,5,9,15,6,5,2,0,0,0,2023/4
2022-08-17,Hoffenheim,Wolfsburg,0,0,D,0,0,H,7,8,2,3,9,12,7,3,2,0,0,0,2023/4
2022-08-13,Augsburg,Hoffenheim,0,0,D,0,0,H,11,7,5,2,10,12,2,2,0,2,0,0,2023/4
2022-08-18,St. Pauli,Dortmund,0,1,A,0,0,H,10,11,3,4,14,11,7,7,1,2,0,0,2023/4
2022-08-19,Freiburg,St. Pauli,0,1,A,0,0,H,9,8,2,3,9,9,7,2,0,0,0,0,2023/4
2022-08-23,Dortmund,Stuttgart,1,0,H,1,0,H,17,5,7,1,9,16,5,5,2,3,0,0,2023/4
2022-08-24,Wolfsburg,Stuttgart,2,0,H,0,0,H,13,9,5,3,13,17,5,5,1,1,0,0,2023/4
2022-08-22,Bremen,Frankfurt,0,0,D,0,0,H,5,8,2,2,11,8,4,5,3,1,0,0,2023/4
2022-08-25,Heidenheim,Leverkusen,0,1,A,0,1,H,7,9,3,2,8,10,6,6,1,3,0,0,2023/4
2022-08-05,Holstein Kiel,Augsburg,0,1,A,0,1,H,7,11,3,4,8,13,7,3,2,2,0,0,2023/4
2022-08-16,Stuttgart,Leipzig,0,0,D,0,0,H,15,11,6,5,16,9,4,5,1,0,0,0,2023/4
2022-08-20,Heidenheim,Wolfsburg,1,0,H,1,0,H,14,8,5,3,16,12,4,4,3,2,0,0,2023/4
2022-08-04,Freiburg,Heidenheim,2,0,H,1,0,H,12,10,5,4,15,16,3,2,2,3,0,0,2023/4
2022-08-15,Heidenheim,Augsburg,1,0,H,0,0,H,7,12,2,4,10,15,7,6,2,0,0,0,2023/4
2022-08-06,Holstein Kiel,Frankfurt,1,0,H,0,0,H,14,8,4,3,14,15,5,7,3,3,0,0,2023/4
2022-08-10,Bochum,Bayern Munich,1,0,H,1,0,H,7,15,2,5,12,13,9,7,2,3,0,0,2023/4
2022-08-20,Dortmund,Augsburg,1,0,H,0,0,H,10,9,3,2,10,17,2,3,1,3,0,0,2023/4
2022-08-14,Bochum,Dortmund,0,0,D,0,0,H,10,15,4,7,10,15,6,6,2,0,0,0,2023/4
2022-08-17,Wolfsburg,Holstein Kiel,0,0,D,0,0,H,14,6,4,2,17,8,2,8,0,1,0,0,2023/4
2022-08-16,Frankfurt,Leverkusen,1,0,H,0,0,H,20,7,8,3,17,11,3,5,3,2,0,0,2023/4
2022-08-18,Bremen,Monchengladbach,0,0,D,0,0,H,7,13,2,4,14,10,3,5,1,1,0,0,2023/4
2022-08-22,Leverkusen,Leipzig,1,2,A,1,0,H,13,15,6,5,14,13,2,5,2,0,0,0,2023/4
2022-08-23,Augsburg,Monchengladbach,0,0,D,0,0,H,11,11,3,3,10,15,6,5,2,1,0,0,2023/4
2022-08-26,Union Berlin,Dortmund,0,0,D,0,0,H,7,12,2,5,18,15,3,2,0,3,0,0,2023/4
2022-08-12,Dortmund,Mainz,0,1,A,0,0,H,15,9,5,4,14,11,2,4,0,0,0,0,2023/4
2022-08-18,Heidenheim,Bochum,0,0,D,0,0,H,11,7,4,2,10,16,3,9,3,0,0,0,2023/4
2022-08-12,Augsburg,St. Pauli,0,1,A,0,0,H,11,12,4,5,17,16,3,10,2,3,0,0,2023/4
2022-08-03,Freiburg,Holstein Kiel,0,1,A,0,1,H,5,15,1,7,16,8,5,3,1,1,0,0,2023/4
2022-08-23,Freiburg,Augsburg,1,1,D,1,1,H,12,10,4,4,16,14,2,2,3,0,0,0,2023/4
2022-08-19,Freiburg,Wolfsburg,0,1,A,0,1,H,11,5,5,1,17,16,2,2,2,1,0,0,2023/4
2022-08-10,St. Pauli,Union Berlin,0,0,D,0,0,H,11,8,5,3,15,8,2,6,2,1,0,0,2023/4
2022-08-27,Mainz,Bayern Munich,0,0,D,0,0,H,11,17,3,7,17,16,7,5,3,0,0,0,2023/4
2022-08-01,Holstein Kiel,Wolfsburg,0,0,D,0,0,H,10,7,3,3,11,14,4,3,3,3,0,0,2023/4
2022-08-16,Bremen,Leipzig,1,1,D,0,1,H,7,18,2,8,16,14,3,3,1,3,0,0,2023/4
2022-08-05,Bayern Munich,Augsburg,3,1,H,2,0,H,17,7,7,2,16,15,3,7,3,0,0,0,2023/4
2022-08-15,Dortmund,Union Berlin,2,1,H,0,1,H,13,15,5,7,16,11,7,9,2,3,0,0,2023/4
2022-08-18,Hoffenheim,Bayern Munich,1,1,D,1,0,H,17,23,5,7,11,11,5,11,2,2,0,0,2023/4
2022-08-12,Stuttgart,Frankfurt,0,0,D,0,0,H,13,9,6,3,15,11,5,2,2,3,0,0,2023/4
2022-08-27,Hoffenheim,Stuttgart,1,0,H,1,0,H,11,9,3,4,15,15,5,4,0,0,0,0,2023/4
2022-08-16,Bremen,Augsburg,0,1,A,0,0,H,8,8,3,3,11,8,4,2,1,3,0,0,2023/4
2022-08-12,Frankfurt,Wolfsburg,0,0,D,0,0,H,21,11,9,3,15,8,2,5,2,1,0,0,2023/4
2022-08-11,Dortmund,Frankfurt,1,0,H,1,0,H,16,16,7,5,13,12,4,8,3,1,0,0,2023/4
2022-08-21,Bayern Munich,Bremen,4,2,H,0,0,H,15,9,7,4,8,12,5,6,0,0,0,0,2023/4
2022-08-12,Dortmund,Hoffenheim,0,1,A,0,0,H,14,10,5,4,17,14,6,3,2,3,0,0,2023/4
2022-08-28,Bayern Munich,Monchengladbach,3,0,H,1,0,H,20,7,8,3,13,14,4,4,0,2,0,0,2023/4
2022-08-24,Union Berlin,Holstein Kiel,0,0,D,0,0,H,8,6,3,2,18,14,2,8,3,1,0,0,2023/4
2022-08-23,Hoffenheim,Union Berlin,1,1,D,0,1,H,17,6,7,1,10,12,2,6,2,2,0,0,2023/4
2022-08-28,St. Pauli,Augsburg,0,1,A,0,1,H,3,9,1,2,14,10,8,4,1,2,0,0,2023/4
2022-08-06,Bochum,Union Berlin,0,0,D,0,0,H,10,13,4,6,14,12,3,3,0,3,0,0,2023/4
2022-08-03,Freiburg,Hoffenheim,1,0,H,0,0,H,5,3,2,1,10,8,7,8,1,1,0,0,2023/4
2022-08-17,Bayern Munich,Freiburg,2,0,H,1,0,H,14,11,4,4,15,9,7,2,3,1,0,0,2023/4
2022-08-11,Stuttgart,Freiburg,0,1,A,0,0,H,12,6,4,2,16,9,4,8,0,0,0,0,2023/4
2022-08-27,Monchengladbach,Freiburg,1,0,H,0,0,H,5,9,1,3,11,13,5,6,3,3,0,0,2023/4
2022-08-25,Leverkusen,Wolfsburg,1,0,H,0,0,H,14,11,5,3,15,9,3,8,2,3,0,0,2023/4
2022-08-19,Monchengladbach,Wolfsburg,1,0,H,0,0,H,5,14,2,5,18,12,7,2,2,3,0,0,2023/4
2022-08-01,Leipzig,Heidenheim,0,1,A,0,0,H,10,5,4,2,13,13,8,7,1,3,0,0,2023/4
2022-08-17,Frankfurt,Hoffenheim,0,0,D,0,0,H,10,9,3,2,13,12,2,7,0,1,0,0,2023/4
2022-08-28,Dortmund,Leverkusen,2,1,H,0,1,H,12,9,5,2,18,13,5,4,1,0,0,0,2023/4
2022-08-17,Augsburg,Leverkusen,0,0,D,0,0,H,14,9,6,3,10,9,8,11,3,2,0,0,2023/4
2022-08-10,Bochum,Augsburg,0,0,D,0,0,H,11,13,4,4,13,15,3,7,2,2,0,0,2023/4
2022-08-22,Holstein Kiel,Heidenheim,0,0,D,0,0,H,9,7,3,3,10,15,8,5,3,2,0,0,2023/4
2022-08-10,Union Berlin,St. Pauli,1,0,H,1,0,H,3,9,1,3,8,11,3,2,2,1,0,0,2023/4
2022-08-10,Stuttgart,Wolfsburg,0,0,D,0,0,H,15,13,6,5,12,8,4,5,1,1,0,0,2023/4
2022-08-26,Mainz,Bochum,0,0,D,0,0,H,9,7,3,3,8,17,2,3,2,0,0,0,2023/4
2022-08-12,Holstein Kiel,Mainz,1,0,H,1,0,H,14,7,6,3,18,10,3,9,2,3,0,0,2023/4
2022-08-27,Wolfsburg,Freiburg,1,0,H,1,0,H,10,10,3,3,15,17,8,2,2,0,0,0,2023/4
2022-08-10,Bremen,Leverkusen,2,3,A,0,1,H,14,12,4,3,14,8,3,4,0,0,0,0,2023/4
2022-08-24,Freiburg,Monchengladbach,0,0,D,0,0,H,11,13,3,4,11,12,7,3,2,3,0,0,2023/4
2022-08-23,Wolfsburg,Bochum,1,0,H,0,0,H,10,7,4,2,10,15,4,8,3,3,0,0,2023/4
2022-08-25,Mainz,Holstein Kiel,0,0,D,0,0,H,8,15,2,4,9,10,8,2,0,1,0,0,2023/4
2022-08-08,Union Berlin,Freiburg,1,0,H,0,0,H,11,12,4,4,8,9,2,5,2,2,0,0,2023/4
2022-08-18,Mainz,Leipzig,0,0,D,0,0,H,14,10,5,4,16,18,3,5,0,3,0,0,2023/4
2022-08-27,Bochum,Mainz,0,0,D,0,0,H,5,9,1,3,17,9,6,4,0,1,0,0,2023/4
2022-08-24,Bayern Munich,Heidenheim,0,0,D,0,0,H,16,8,5,3,11,9,3,6,3,1,0,0,2023/4
2022-08-02,Leipzig,Stuttgart,2,0,H,1,0,H,13,11,6,4,12,9,4,5,3,0,0,0,2023/4
2022-08-03,Frankfurt,Freiburg,0,1,A,0,0,H,14,6,6,2,17,9,5,6,3,2,0,0,2023/4
2022-08-07,St. Pauli,Bayern Munich,1,3,A,0,2,H,7,15,2,5,10,8,8,7,1,2,0,0,2023/4
2022-08-16,St. Pauli,Heidenheim,1,1,D,0,0,H,5,6,1,1,9,12,6,2,3,3,0,0,2023/4
2022-08-23,St. Pauli,Freiburg,1,0,H,1,0,H,9,5,3,1,10,13,6,10,3,1,0,0,2023/4
2022-08-13,Holstein Kiel,Hoffenheim,0,0,D,0,0,H,19,9,8,3,8,11,7,8,3,0,0,0,2023/4
2022-08-02,Stuttgart,Monchengladbach,1,2,A,0,2,H,16,13,6,6,13,15,2,5,0,1,0,0,2023/4
2022-08-02,Stuttgart,Holstein Kiel,0,1,A,0,1,H,14,11,5,4,14,14,5,3,3,0,0,0,2023/4
2022-08-28,Bayern Munich,Dortmund,3,4,A,2,2,H,12,13,4,6,14,14,5,4,1,1,0,0,2023/4
2022-08-16,Hoffenheim,Augsburg,1,0,H,1,0,H,6,7,2,2,9,18,4,5,2,0,0,0,2023/4
2022-08-21,Augsburg,Leipzig,2,0,H,2,0,H,10,10,4,3,8,16,9,3,3,1,0,0,2023/4
2022-08-25,Bayern Munich,Wolfsburg,2,1,H,1,0,H,23,11,7,3,14,13,6,9,3,2,0,0,2023/4
2022-08-20,Heidenheim,Holstein Kiel,0,0,D,0,0,H,7,7,3,2,18,10,4,3,1,3,0,0,2023/4
2022-08-05,Mainz,Union Berlin,0,1,A,0,1,H,12,6,5,2,16,13,7,3,1,2,0,0,2023/4
2022-08-28,Freiburg,Leipzig,0,0,D,0,0,H,14,5,4,1,9,11,6,4,0,3,0,0,2023/4
2022-08-06,Holstein Kiel,Leipzig,0,0,D,0,0,H,7,10,3,4,11,14,8,4,3,1,0,0,2023/4
2022-08-21,Monchengladbach,St. Pauli,0,0,D,0,0,H,14,7,5,2,11,10,6,4,1,0,0,0,2023/4
2022-08-17,St. Pauli,Frankfurt,1,0,H,0,0,H,8,8,3,3,12,14,7,7,3,2,0,0,2023/4
2022-08-13,Frankfurt,Bayern Munich,0,2,A,0,1,H,12,19,5,6,11,15,6,4,0,1,0,0,2023/4
2022-08-06,Bremen,Stuttgart,1,1,D,1,0,H,6,8,2,2,17,15,4,5,3,3,0,0,2023/4
2022-08-04,Leverkusen,Hoffenheim,1,0,H,1,0,H,14,13,5,3,9,12,3,7,2,0,0,0,2023/4
2022-08-07,Bremen,St. Pauli,0,0,D,0,0,H,10,10,3,3,14,9,7,4,0,3,0,0,2023/4
2022-08-28,Bayern Munich,Mainz,2,2,D,1,0,H,12,13,4,6,11,14,3,4,0,0,0,0,2023/4
2022-08-11,Freiburg,Stuttgart,0,0,D,0,0,H,6,12,2,3,13,13,5,4,2,3,0,0,2023/4
2022-08-08,Bremen,Wolfsburg,0,0,D,0,0,H,13,6,4,2,14,16,2,3,2,1,0,0,2023/4
2022-08-10,Union Berlin,Stuttgart,0,0,D,0,0,H,7,7,2,2,18,12,5,3,2,2,0,0,2023/4
2022-08-14,St. Pauli,Hoffenheim,0,1,A,0,1,H,7,9,2,3,8,8,7,5,1,0,0,0,2023/4
2022-08-05,Heidenheim,Union Berlin,0,0,D,0,0,H,10,8,4,3,10,15,2,10,1,1,0,0,2023/4
2022-08-22,Wolfsburg,Leverkusen,2,0,H,1,0,H,11,7,4,3,10,9,2,3,3,1,0,0,2023/4
2022-08-28,Stuttgart,St. Pauli,1,0,H,0,0,H,14,6,5,2,8,17,6,3,2,3,0,0,2023/4
2022-08-23,Augsburg,Bayern Munich,3,8,A,2,8,H,15,16,5,4,17,17,9,4,0,3,0,0,2023/4
2022-08-07,Hoffenheim,Bochum,0,0,D,0,0,H,8,6,2,1,14,12,5,6,0,1,0,0,2023/4
2022-08-28,Leverkusen,Bremen,1,0,H,0,0,H,10,7,3,2,15,15,5,5,0,0,0,0,2023/4
2022-08-23,Holstein Kiel,Union Berlin,1,0,H,0,0,H,6,13,2,5,18,17,9,4,2,0,0,0,2023/4
2022-08-20,Monchengladbach,Bochum,1,1,D,0,0,H,7,4,3,1,14,14,9,6,2,2,0,0,2023/4
2022-08-27,Mainz,Freiburg,1,0,H,0,0,H,12,4,5,1,13,14,7,6,1,3,0,0,2023/4
2022-08-24,Bochum,St. Pauli,0,0,D,0,0,H,13,10,6,3,9,18,7,5,3,1,0,0,2023/4
2022-08-25,Monchengladbach,Bayern Munich,3,2,H,3,2,H,11,17,4,6,13,17,3,4,1,1,0,0,2023/4
2022-08-08,Leverkusen,Stuttgart,1,0,H,0,0,H,9,13,3,4,10,14,12,2,2,3,0,0,2023/4
2022-08-03,Bochum,Leipzig,0,0,D,0,0,H,9,11,3,3,15,8,4,7,3,0,0,0,2023/4
2022-08-15,Leipzig,Dortmund,1,0,H,1,0,H,18,19,6,8,14,9,2,4,1,0,0,0,2023/4
2022-08-10,Freiburg,Bremen,1,0,H,1,0,H,10,9,4,4,16,12,6,3,0,2,0,0,2023/4
2022-08-08,Mainz,Wolfsburg,1,0,H,1,0,H,8,9,3,4,13,13,5,5,1,1,0,0,2023/4
2022-08-23,Stuttgart,Augsburg,0,0,D,0,0,H,12,8,5,3,13,14,2,7,3,0,0,0,2023/4
2022-08-13,Monchengladbach,Union Berlin,2,0,H,1,0,H,4,7,1,3,12,18,7,5,3,3,0,0,2023/4
2022-08-24,Bayern Munich,Hoffenheim,3,2,H,3,1,H,17,7,6,2,9,16,10,9,3,0,0,0,2023/4
2022-08-24,Monchengladbach,Stuttgart,1,1,D,0,0,H,11,11,4,3,8,15,6,2,0,0,0,0,2023/4
2022-08-09,Freiburg,Mainz,0,0,D,0,0,H,8,11,2,4,14,18,5,11,0,0,0,0,2023/4
2022-08-15,Leipzig,Augsburg,0,0,D,0,0,H,14,11,4,4,13,12,2,3,1,2,0,0,2023/4
2022-08-22,Leipzig,Wolfsburg,0,0,D,0,0,H,13,9,6,4,16,16,4,5,2,1,0,0,2023/4
2022-08-18,Heidenheim,Mainz,0,0,D,0,0,H,10,8,4,3,18,15,9,5,3,0,0,0,2023/4
2022-08-11,Bochum,Monchengladbach,0,0,D,0,0,H,8,15,3,6,11,10,8,5,2,0,0,0,2023/4
2022-08-01,Dortmund,Leipzig,3,1,H,1,1,H,9,10,4,4,16,10,2,7,1,3,0,0,2023/4
2022-08-13,Heidenheim,Stuttgart,0,0,D,0,0,H,11,12,3,4,14,8,4,2,1,3,0,0,2023/4
2022-08-27,Freiburg,Bayern Munich,2,1,H,0,0,H,11,9,3,4,17,18,2,2,2,3,0,0,2023/4
2022-08-05,Mainz,Bremen,0,0,D,0,0,H,10,7,4,3,9,8,5,5,0,1,0,0,2023/4
2022-08-19,Leverkusen,St. Pauli,2,0,H,2,0,H,13,10,3,4,8,15,3,4,0,1,0,0,2023/4
2022-08-24,Leipzig,Hoffenheim,0,1,A,0,0,H,12,8,4,3,14,14,5,2,1,1,0,0,2023/4
2022-08-19,St. Pauli,Holstein Kiel,1,0,H,0,0,H,8,7,3,3,16,11,6,6,2,2,0,0,2023/4
2022-08-10,Hoffenheim,Leverkusen,0,0,D,0,0,H,15,13,6,5,16,15,7,5,3,1,0,0,2023/4
2022-08-22,Frankfurt,Augsburg,0,0,D,0,0,H,12,6,5,2,12,13,9,8,3,2,0,0,2023/4
2022-08-03,St. Pauli,Bochum,0,0,D,0,0,H,8,9,3,3,17,16,6,2,1,0,0,0,2023/4
2022-08-17,St. Pauli,Freiburg,0,0,D,0,0,H,8,5,2,1,15,11,9,2,0,0,0,0,2024/5
2022-08-26,Holstein Kiel,Mainz,0,0,D,0,0,H,7,12,2,3,15,11,6,5,3,3,0,0,2024/5
2022-08-22,Frankfurt,Leipzig,1,1,D,1,1,H,15,9,5,4,15,11,6,3,1,1,0,0,2024/5
2022-08-19,Monchengladbach,Leverkusen,1,0,H,0,0,H,11,11,5,4,11,17,7,7,0,3,0,0,2024/5
2022-08-20,Wolfsburg,Bayern Munich,2,4,A,2,1,H,11,15,3,4,8,12,5,3,3,3,0,0,2024/5
2022-08-28,Dortmund,Bayern Munich,1,0,H,0,0,H,19,14,8,4,10,14,2,4,2,2,0,0,2024/5
2022-08-21,Heidenheim,Holstein Kiel,0,0,D,0,0,H,11,10,4,4,11,18,5,4,3,2,0,0,2024/5
2022-08-14,Hoffenheim,Frankfurt,1,0,H,0,0,H,11,9,3,3,8,17,8,2,0,1,0,0,2024/5
2022-08-23,Hoffenheim,Stuttgart,1,0,H,0,0,H,13,9,4,4,18,18,6,4,2,0,0,0,2024/5
2022-08-09,Frankfurt,Wolfsburg,1,0,H,1,0,H,15,5,5,1,14,14,9,4,2,2,0,0,2024/5
2022-08-18,Frankfurt,Dortmund,3,2,H,1,1,H,15,16,6,7,15,16,4,4,0,2,0,0,2024/5
2022-08-14,Heidenheim,St. Pauli,1,0,H,0,0,H,9,9,2,3,13,9,5,7,1,3,0,0,2024/5
2022-08-19,Freiburg,Leipzig,0,0,D,0,0,H,9,17,4,6,16,16,8,2,1,3,0,0,2024/5
2022-08-13,Dortmund,Freiburg,6,1,H,3,0,H,12,12,4,5,16,13,7,5,1,0,0,0,2024/5
2022-08-17,Stuttgart,Dortmund,1,1,D,1,0,H,8,17,2,5,17,18,7,7,3,2,0,0,2024/5
2022-08-08,Bochum,Union Berlin,1,0,H,1,0,H,7,5,2,1,12,11,2,4,2,2,0,0,2024/5
2022-08-27,St. Pauli,Monchengladbach,0,0,D,0,0,H,9,9,3,2,9,18,2,2,2,3,0,0,2024/5
2022-08-18,Bremen,Mainz,0,1,A,0,1,H,5,9,1,2,8,11,3,5,2,2,0,0,2024/5
2022-08-19,Hoffenheim,Leipzig,1,1,D,0,1,H,10,12,3,5,8,11,5,3,3,3,0,0,2024/5
2022-08-04,Augsburg,Union Berlin,0,0,D,0,0,H,4,4,1,1,18,9,6,3,3,0,0,0,2024/5
2022-08-08,St. Pauli,Bremen,0,1,A,0,0,H,5,16,1,7,17,18,5,3,3,2,0,0,2024/5
2022-08-23,Leverkusen,Monchengladbach,2,1,H,1,1,H,17,11,6,4,9,18,8,3,0,0,0,0,2024/5
2022-08-07,Freiburg,Hoffenheim,3,0,H,3,0,H,14,11,5,4,11,13,5,3,1,3,0,0,2024/5
2022-08-17,Heidenheim,Monchengladbach,1,0,H,0,0,H,16,12,4,5,13,13,7,4,0,0,0,0,2024/5
2022-08-17,Bayern Munich,Union Berlin,0,0,D,0,0,H,20,12,9,4,8,9,3,7,0,0,0,0,2024/5
2022-08-18,Stuttgart,Holstein Kiel,0,0,D,0,0,H,7,5,2,1,9,13,5,4,0,3,0,0,2024/5
2022-08-19,Monchengladbach,Hoffenheim,0,0,D,0,0,H,13,11,4,3,17,9,7,6,1,3,0,0,2024/5
2022-08-04,Union Berlin,Hoffenheim,0,0,D,0,0,H,4,7,1,2,17,9,8,3,1,3,0,0,2024/5
2022-08-03,Bochum,Leverkusen,0,1,A,0,0,H,6,6,2,2,15,8,3,2,0,2,0,0,2024/5
2022-08-25,Mainz,Stuttgart,1,1,D,0,0,H,10,13,4,5,16,13,5,4,0,3,0,0,2024/5
2022-08-19,Wolfsburg,St. Pauli,0,3,A,0,1,H,9,10,3,3,11,11,3,2,1,0,0,0,2024/5
2022-08-02,Mainz,Leverkusen,1,1,D,0,1,H,8,9,2,4,17,12,6,7,0,0,0,0,2024/5
2022-08-16,Wolfsburg,Bremen,2,0,H,1,0,H,8,10,3,4,15,13,4,3,2,3,0,0,2024/5
2022-08-04,Augsburg,Bochum,0,1,A,0,0,H,10,9,4,3,9,10,4,5,3,1,0,0,2024/5
2022-08-19,Leverkusen,Augsburg,0,0,D,0,0,H,8,12,3,5,13,9,8,3,3,2,0,0,2024/5
2022-08-02,Bochum,Frankfurt,1,0,H,1,0,H,7,16,2,6,18,9,2,4,0,0,0,0,2024/5
2022-08-08,Mainz,Bochum,1,0,H,0,0,H,5,4,2,1,18,17,5,8,1,1,0,0,2024/5
2022-08-25,Bayern Munich,Bremen,3,0,H,3,0,H,20,15,8,6,15,17,5,3,1,0,0,0,2024/5
2022-08-22,Frankfurt,Holstein Kiel,1,0,H,0,0,H,8,5,2,1,13,17,3,7,3,0,0,0,2024/5
2022-08-19,Stuttgart,Union Berlin,0,0,D,0,0,H,12,6,5,2,14,16,2,6,0,2,0,0,2024/5
2022-08-02,St. Pauli,Augsburg,0,0,D,0,0,H,14,8,4,2,11,14,6,3,0,0,0,0,2024/5
2022-08-18,Bayern Munich,Dortmund,0,2,A,0,0,H,16,18,5,7,8,12,8,5,2,3,0,0,2024/5
2022-08-16,Bremen,Freiburg,1,0,H,1,0,H,5,10,2,4,9,12,5,6,0,1,0,0,2024/5
2022-08-12,Leipzig,Stuttgart,2,1,H,0,0,H,10,12,3,4,8,14,5,8,0,2,0,0,2024/5
2022-08-23,Dortmund,Stuttgart,4,0,H,3,0,H,12,8,3,3,15,12,3,4,2,3,0,0,2024/5
2022-08-27,Leipzig,Frankfurt,2,0,H,2,0,H,5,8,2,3,13,17,2,8,0,3,0,0,2024/5
2022-08-22,Bremen,Stuttgart,0,0,D,0,0,H,14,8,4,2,17,18,7,4,0,2,0,0,2024/5
2022-08-14,Heidenheim,Frankfurt,0,0,D,0,0,H,14,9,6,3,10,13,8,3,1,2,0,0,2024/5
2022-08-26,Bochum,Wolfsburg,0,0,D,0,0,H,6,12,2,5,13,11,7,6,0,0,0,0,2024/5
2022-08-21,Wolfsburg,Leverkusen,2,1,H,0,0,H,13,14,4,4,14,9,5,6,3,2,0,0,2024/5
2022-08-01,St. Pauli,Holstein Kiel,0,0,D,0,0,H,6,7,2,2,10,18,7,5,3,1,0,0,2024/5
2022-08-13,Leipzig,Monchengladbach,2,1,H,0,0,H,12,11,4,3,14,10,9,6,3,3,0,0,2024/5
2022-08-26,Holstein Kiel,Bochum,0,1,A,0,0,H,7,12,2,3,14,16,4,2,3,3,0,0,2024/5
2022-08-16,Freiburg,St. Pauli,0,0,D,0,0,H,7,10,2,3,15,18,7,4,2,0,0,0,2024/5
2022-08-05,Hoffenheim,Bochum,0,0,D,0,0,H,13,5,6,1,11,9,8,8,1,2,0,0,2024/5
2022-08-27,Leverkusen,Hoffenheim,1,0,H,1,0,H,14,10,4,3,14,8,2,7,0,2,0,0,2024/5
2022-08-03,Stuttgart,Frankfurt,0,0,D,0,0,H,12,11,5,4,15,10,4,10,0,2,0,0,2024/5
2022-08-12,Holstein Kiel,Leipzig,0,0,D,0,0,H,14,9,6,2,11,13,6,3,1,0,0,0,2024/5
2022-08-01,Frankfurt,St. Pauli,1,0,H,1,0,H,14,9,4,4,13,17,5,4,1,2,0,0,2024/5
2022-08-04,Holstein Kiel,Bremen,0,0,D,0,0,H,13,11,4,4,8,17,3,3,0,1,0,0,2024/5
2022-08-08,St. Pauli,Wolfsburg,0,0,D,0,0,H,11,14,5,6,9,12,12,2,0,2,0,0,2024/5
2022-08-17,Dortmund,Leverkusen,2,1,H,1,1,H,18,11,7,5,11,12,8,9,1,3,0,0,2024/5
2022-08-28,Bayern Munich,Heidenheim,3,0,H,0,0,H,13,10,5,3,12,8,2,6,1,0,0,0,2024/5
2022-08-07,Wolfsburg,Augsburg,0,0,D,0,0,H,8,11,3,3,15,17,6,5,0,0,0,0,2024/5
2022-08-05,Bochum,Hoffenheim,0,1,A,0,1,H,13,8,5,3,12,10,5,7,3,2,0,0,2024/5
2022-08-26,Wolfsburg,Holstein Kiel,0,1,A,0,0,H,10,6,4,2,11,18,2,7,2,2,0,0,2024/5
2022-08-12,Bochum,Bremen,0,0,D,0,0,H,7,10,2,4,10,14,9,5,1,2,0,0,2024/5
2022-08-16,Mainz,Dortmund,2,0,H,1,0,H,6,16,1,7,18,10,2,5,2,2,0,0,2024/5
2022-08-04,Augsburg,Leverkusen,1,1,D,0,1,H,13,15,5,5,9,15,4,5,1,0,0,0,2024/5
2022-08-18,Heidenheim,Bremen,0,0,D,0,0,H,11,3,3,1,16,10,7,7,3,1,0,0,2024/5
2022-08-13,Heidenheim,Dortmund,0,1,A,0,1,H,10,10,3,3,8,16,4,2,1,3,0,0,2024/5
2022-08-24,Leipzig,Mainz,0,0,D,0,0,H,22,11,10,4,18,10,4,3,0,3,0,0,2024/5
2022-08-13,Union Berlin,Monchengladbach,0,0,D,0,0,H,7,8,3,2,16,13,4,11,1,0,0,0,2024/5
2022-08-22,Augsburg,Stuttgart,1,0,H,1,0,H,3,10,1,3,18,8,4,4,3,2,0,0,2024/5
2022-08-08,Bochum,Holstein Kiel,0,0,D,0,0,H,7,6,2,2,8,18,4,2,0,0,0,0,2024/5
2022-08-19,Heidenheim,Leipzig,0,1,A,0,0,H,7,14,3,5,17,14,6,6,2,2,0,0,2024/5
2022-08-20,Heidenheim,Hoffenheim,1,0,H,1,0,H,11,7,5,2,17,15,3,5,0,0,0,0,2024/5
2022-08-09,Mainz,Augsburg,1,0,H,0,0,H,3,4,1,1,17,15,2,6,1,3,0,0,2024/5
2022-08-24,Bremen,Leipzig,0,1,A,0,1,H,13,7,4,3,11,18,4,4,2,1,0,0,2024/5
2022-08-18,Wolfsburg,Frankfurt,1,1,D,1,1,H,5,6,1,2,13,16,6,6,3,0,0,0,2024/5
2022-08-17,Leverkusen,Heidenheim,2,0,H,0,0,H,12,9,3,4,14,8,4,5,1,0,0,0,2024/5
2022-08-15,Heidenheim,Stuttgart,0,0,D,0,0,H,8,5,3,1,14,11,4,5,1,3,0,0,2024/5
2022-08-07,Bayern Munich,Augsburg,1,0,H,0,0,H,7,18,2,8,9,10,4,4,1,1,0,0,2024/5
2022-08-15,Mainz,Holstein Kiel,0,1,A,0,0,H,15,7,5,2,8,12,4,2,3,1,0,0,2024/5
2022-08-17,Dortmund,Bochum,1,0,H,0,0,H,11,8,4,3,11,14,4,2,3,2,0,0,2024/5
2022-08-01,Holstein Kiel,Union Berlin,0,1,A,0,0,H,10,9,3,2,11,14,4,2,3,3,0,0,2024/5
2022-08-22,Holstein Kiel,Heidenheim,1,1,D,0,0,H,10,8,3,2,15,14,5,4,1,1,0,0,2024/5
2022-08-06,Bayern Munich,Hoffenheim,2,3,A,2,0,H,27,8,8,3,18,18,3,5,1,0,0,0,2024/5
2022-08-28,Bremen,Holstein Kiel,2,0,H,1,0,H,7,9,3,3,16,10,4,4,3,2,0,0,2024/5
2022-08-20,Stuttgart,Freiburg,0,2,A,0,0,H,11,11,3,5,11,11,3,2,0,2,0,0,2024/5
2022-08-19,Augsburg,Hoffenheim,0,1,A,0,1,H,4,5,1,2,10,18,3,2,0,3,0,0,2024/5
2022-08-12,Monchengladbach,St. Pauli,0,0,D,0,0,H,3,9,1,3,11,9,4,5,1,1,0,0,2024/5
2022-08-26,Bochum,Mainz,0,1,A,0,1,H,8,7,2,2,12,17,5,5,0,0,0,0,2024/5
2022-08-12,Hoffenheim,Holstein Kiel,0,0,D,0,0,H,13,13,6,5,9,10,4,3,2,1,0,0,2024/5
2022-08-22,Bremen,Dortmund,3,0,H,1,0,H,6,14,2,5,9,15,2,2,0,2,0,0,2024/5
2022-08-21,Union Berlin,Wolfsburg,0,1,A,0,0,H,7,7,2,2,16,9,5,3,0,3,0,0,2024/5
2022-08-27,Freiburg,Monchengladbach,0,0,D,0,0,H,8,7,3,3,16,18,7,7,2,2,0,0,2024/5
2022-08-04,Heidenheim,Bochum,0,0,D,0,0,H,7,10,2,4,11,14,6,4,1,3,0,0,2024/5
2022-08-17,Heidenheim,Augsburg,0,0,D,0,0,H,9,10,3,3,15,15,10,6,3,2,0,0,2024/5
2022-08-27,Dortmund,Bremen,0,0,D,0,0,H,7,11,2,3,12,9,2,3,3,2,0,0,2024/5
2022-08-18,Bochum,Augsburg,0,0,D,0,0,H,9,16,3,7,8,16,3,5,2,1,0,0,2024/5
2022-08-20,Frankfurt,Stuttgart,1,1,D,0,1,H,11,18,3,6,8,18,5,5,3,3,0,0,2024/5
2022-08-08,Mainz,St. Pauli,0,0,D,0,0,H,11,6,3,1,17,9,7,5,2,2,0,0,2024/5
2022-08-14,Frankfurt,Bochum,0,0,D,0,0,H,9,10,3,4,12,15,7,5,1,0,0,0,2024/5
2022-08-24,Dortmund,Hoffenheim,3,2,H,2,1,H,13,3,3,1,16,14,8,4,0,3,0,0,2024/5
2022-08-20,Mainz,Hoffenheim,0,0,D,0,0,H,7,11,2,4,8,12,5,4,0,2,0,0,2024/5
2022-08-13,Stuttgart,Bremen,2,0,H,2,0,H,13,11,5,5,15,17,7,6,3,3,0,0,2024/5
2022-08-22,Holstein Kiel,Dortmund,0,0,D,0,0,H,3,18,1,5,14,9,4,2,0,1,0,0,2024/5
2022-08-06,Mainz,Wolfsburg,0,0,D,0,0,H,11,4,4,1,8,13,5,7,3,3,0,0,2024/5
2022-08-16,Augsburg,Dortmund,0,4,A,0,2,H,6,15,2,6,9,18,8,9,2,2,0,0,2024/5
2022-08-16,St. Pauli,Heidenheim,1,0,H,0,0,H,5,11,1,4,15,8,4,10,0,0,0,0,2024/5
2022-08-15,Holstein Kiel,Stuttgart,0,0,D,0,0,H,12,9,5,4,18,15,7,4,1,1,0,0,2024/5
2022-08-14,Leipzig,Augsburg,1,0,H,0,0,H,10,5,3,2,16,13,9,8,3,3,0,0,2024/5
2022-08-20,St. Pauli,Frankfurt,0,0,D,0,0,H,8,6,3,2,15,11,6,10,2,3,0,0,2024/5
2022-08-19,St. Pauli,Bayern Munich,0,2,A,0,1,H,9,20,4,9,12,11,2,2,1,3,0,0,2024/5
2022-08-05,Leverkusen,Frankfurt,2,1,H,1,0,H,9,11,2,4,15,14,4,8,3,3,0,0,2024/5
2022-08-28,Mainz,Bremen,0,0,D,0,0,H,8,10,2,3,12,13,3,6,3,3,0,0,2024/5
2022-08-15,Frankfurt,Heidenheim,0,0,D,0,0,H,13,8,5,2,9,13,8,3,2,1,0,0,2024/5
2022-08-02,Union Berlin,Heidenheim,0,1,A,0,0,H,10,10,3,3,18,10,2,4,2,0,0,0,2024/5
2022-08-01,Leverkusen,Freiburg,2,0,H,0,0,H,12,9,4,3,16,12,2,7,3,2,0,0,2024/5
2022-08-08,Stuttgart,Leverkusen,2,3,A,2,0,H,19,7,6,3,15,13,7,3,2,0,0,0,2024/5
2022-08-07,Frankfurt,Augsburg,1,1,D,0,0,H,6,9,1,3,11,16,3,2,2,3,0,0,2024/5
2022-08-20,Dortmund,Leipzig,1,2,A,0,1,H,16,11,6,3,14,12,6,4,0,2,0,0,2024/5
2022-08-26,Union Berlin,Freiburg,1,0,H,0,0,H,10,6,3,2,12,9,9,5,2,0,0,0,2024/5
2022-08-09,Hoffenheim,Bremen,1,1,D,1,1,H,9,4,3,1,8,13,3,5,0,0,0,0,2024/5
2022-08-28,Leipzig,Union Berlin,1,2,A,0,2,H,16,8,6,3,16,15,6,3,3,1,0,0,2024/5
2022-08-14,Mainz,Leipzig,0,3,A,0,1,H,11,10,4,3,12,14,4,7,3,0,0,0,2024/5
2022-08-07,Frankfurt,Freiburg,1,0,H,1,0,H,10,12,4,5,17,17,7,2,3,2,0,0,2024/5
2022-08-25,Holstein Kiel,Wolfsburg,0,1,A,0,1,H,6,11,2,4,17,12,2,7,0,0,0,0,2024/5
2022-08-16,Bremen,Augsburg,0,3,A,0,1,H,4,11,1,4,16,9,5,8,2,0,0,0,2024/5
2022-08-16,Augsburg,Monchengladbach,1,0,H,1,0,H,9,9,3,4,17,18,4,8,3,1,0,0,2024/5
2022-08-03,Union Berlin,St. Pauli,0,0,D,0,0,H,10,12,4,3,12,12,5,7,1,2,0,0,2024/5
2022-08-17,Freiburg,Stuttgart,1,0,H,0,0,H,10,15,3,7,17,11,6,10,2,0,0,0,2024/5
2022-08-22,Bremen,Wolfsburg,3,0,H,3,0,H,9,9,3,4,10,14,6,8,0,1,0,0,2024/5
2022-08-11,Dortmund,Union Berlin,3,0,H,1,0,H,12,5,4,2,14,15,2,5,0,3,0,0,2024/5
2022-08-04,Bochum,Monchengladbach,1,1,D,1,1,H,6,11,2,4,10,17,6,4,1,1,0,0,2024/5
2022-08-04,Frankfurt,Monchengladbach,2,1,H,1,0,H,8,7,2,2,10,11,2,8,3,3,0,0,2024/5
2022-08-22,Frankfurt,Hoffenheim,0,0,D,0,0,H,13,7,5,3,9,11,7,3,1,3,0,0,2024/5
2022-08-17,Bochum,Leipzig,0,0,D,0,0,H,12,8,3,3,8,15,2,5,0,0,0,0,2024/5
2022-08-01,Wolfsburg,Monchengladbach,0,1,A,0,0,H,8,12,3,4,14,12,6,6,0,3,0,0,2024/5
2022-08-21,Heidenheim,Freiburg,0,0,D,0,0,H,8,3,2,1,12,15,5,5,2,1,0,0,2024/5
2022-08-15,Union Berlin,Mainz,0,1,A,0,0,H,6,5,2,2,11,14,7,2,2,2,0,0,2024/5
2022-08-05,Bayern Munich,Wolfsburg,3,0,H,1,0,H,19,10,6,3,15,10,3,4,0,0,0,0,2024/5
2022-08-08,St. Pauli,Bochum,0,0,D,0,0,H,8,10,3,4,18,14,9,3,2,1,0,0,2024/5
2022-08-24,Wolfsburg,Bochum,1,0,H,0,0,H,9,10,3,4,17,16,6,5,2,2,0,0,2024/5
2022-08-11,Stuttgart,Wolfsburg,1,0,H,0,0,H,13,7,5,3,17,11,2,5,0,1,0,0,2024/5
2022-08-12,Freiburg,Leverkusen,1,1,D,0,1,H,9,8,2,3,14,8,5,6,2,1,0,0,2024/5
2022-08-06,Holstein Kiel,Augsburg,0,0,D,0,0,H,14,10,4,4,11,18,6,6,0,1,0,0,2024/5
2022-08-08,St. Pauli,Dortmund,1,1,D,0,1,H,7,10,2,3,8,17,6,4,1,1,0,0,2024/5
2022-08-08,Freiburg,Holstein Kiel,0,1,A,0,1,H,4,3,1,1,8,15,4,2,0,2,0,0,2024/5
2022-08-15,Dortmund,Mainz,1,2,A,1,0,H,13,9,4,3,11,10,5,6,0,0,0,0,2024/5
2022-08-18,Stuttgart,Hoffenheim,2,1,H,2,1,H,10,5,4,1,13,8,7,2,0,2,0,0,2024/5
2022-08-02,Bremen,Leverkusen,1,1,D,1,1,H,5,10,2,3,14,16,7,2,1,0,0,0,2024/5
2022-08-08,Stuttgart,St. Pauli,1,0,H,0,0,H,11,8,5,2,8,13,6,9,2,2,0,0,2024/5
2022-08-27,Heidenheim,Mainz,0,0,D,0,0,H,13,9,5,3,15,17,9,5,3,1,0,0,2024/5
2022-08-23,Bayern Munich,Frankfurt,2,2,D,2,0,H,21,11,9,3,13,18,4,8,2,1,0,0,2024/5
2022-08-16,Union Berlin,Frankfurt,0,1,A,0,0,H,8,8,3,3,10,18,5,4,1,1,0,0,2024/5
2022-08-04,Freiburg,Wolfsburg,0,1,A,0,1,H,10,10,3,3,16,13,5,7,1,2,0,0,2024/5
2022-08-17,Wolfsburg,Union Berlin,1,0,H,0,0,H,10,10,3,4,18,9,6,3,2,2,0,0,2024/5
2022-08-14,Bochum,St. Pauli,0,0,D,0,0,H,12,8,5,2,17,13,4,2,2,2,0,0,2024/5
2022-08-01,Dortmund,Wolfsburg,1,0,H,0,0,H,9,11,2,5,12,16,5,8,2,0,0,0,2024/5
2022-08-05,Bremen,Bochum,0,0,D,0,0,H,7,6,3,2,18,12,4,3,2,3,0,0,2024/5
2022-08-28,Wolfsburg,Mainz,1,1,D,1,0,H,8,8,3,2,14,17,9,5,2,2,0,0,2024/5
2022-08-12,Frankfurt,Leverkusen,1,1,D,1,0,H,21,5,9,2,13,16,4,4,0,0,0,0,2024/5
2022-08-25,Bremen,St. Pauli,0,0,D,0,0,H,5,11,2,4,13,12,4,5,3,3,0,0,2024/5
2022-08-06,Bochum,Heidenheim,0,0,D,0,0,H,8,8,2,3,13,12,5,4,0,1,0,0,2024/5
2022-08-26,Freiburg,Augsburg,0,0,D,0,0,H,9,7,4,3,11,15,5,8,3,0,0,0,2024/5
2022-08-12,Union Berlin,Dortmund,0,1,A,0,0,H,8,20,2,7,17,12,5,5,2,3,0,0,2024/5
2022-08-14,Mainz,Freiburg,1,0,H,0,0,H,6,11,2,5,14,10,5,5,1,2,0,0,2024/5
2022-08-12,Mainz,Union Berlin,0,0,D,0,0,H,8,12,3,3,17,11,4,4,2,0,0,0,2024/5
2022-08-24,St. Pauli,Leipzig,2,1,H,0,1,H,5,14,1,4,8,14,8,4,2,0,0,0,2024/5
2022-08-22,Monchengladbach,Frankfurt,1,0,H,0,0,H,12,12,5,4,15,14,5,5,2,1,0,0,2024/5
2022-08-23,Augsburg,Bremen,1,0,H,0,0,H,12,7,5,3,18,11,3,4,2,0,0,0,2024/5
2022-08-10,Leipzig,Heidenheim,0,1,A,0,0,H,14,8,6,2,13,13,3,6,1,2,0,0,2024/5
2022-08-14,Leipzig,St. Pauli,2,0,H,2,0,H,6,10,2,4,10,9,6,6,3,1,0,0,2024/5
2022-08-28,Frankfurt,Bayern Munich,1,0,H,0,0,H,13,11,6,4,14,14,5,3,0,2,0,0,2024/5
2022-08-01,Bayern Munich,Leverkusen,1,1,D,0,0,H,20,13,9,5,16,14,4,2,0,2,0,0,2024/5
2022-08-16,Holstein Kiel,Frankfurt,0,0,D,0,0,H,10,11,3,4,16,13,6,9,1,0,0,0,2024/5
2022-08-18,Leverkusen,Dortmund,0,1,A,0,0,H,14,16,5,5,14,8,3,5,1,0,0,0,2024/5
2022-08-17,Bayern Munich,Mainz,2,1,H,2,1,H,19,7,7,3,16,16,6,5,2,0,0,0,2024/5
2022-08-07,Holstein Kiel,Hoffenheim,0,0,D,0,0,H,10,4,3,1,17,9,5,7,0,0,0,0,2024/5
2022-08-02,Holstein Kiel,Monchengladbach,1,1,D,0,1,H,9,10,2,3,8,17,4,2,1,1,0,0,2024/5
2022-08-02,Mainz,Heidenheim,0,0,D,0,0,H,13,11,5,4,10,8,7,2,1,3,0,0,2024/5
2022-08-18,Leipzig,Leverkusen,2,0,H,2,0,H,13,13,6,4,17,11,5,6,2,2,0,0,2024/5
2022-08-25,Frankfurt,Bremen,1,1,D,0,1,H,10,8,3,3,15,14,4,11,3,1,0,0,2024/5
2022-08-01,Union Berlin,Bochum,0,0,D,0,0,H,8,5,3,1,16,11,7,6,2,0,0,0,2024/5
2022-08-16,Monchengladbach,Freiburg,0,0,D,0,0,H,10,6,4,2,12,10,2,7,3,2,0,0,2024/5
2022-08-25,Heidenheim,Wolfsburg,0,2,A,0,0,H,8,13,3,5,18,10,5,6,3,3,0,0,2024/5
2022-08-03,St. Pauli,Mainz,0,0,D,0,0,H,8,10,3,3,18,16,3,4,3,3,0,0,2024/5
2022-08-13,Bayern Munich,Bochum,3,0,H,0,0,H,24,9,10,3,16,15,4,6,0,2,0,0,2024/5
2022-08-26,Monchengladbach,Augsburg,0,0,D,0,0,H,7,6,3,2,17,17,6,8,2,1,0,0,2024/5
2022-08-21,Bremen,Heidenheim,1,0,H,0,0,H,11,6,5,2,10,11,3,5,2,0,0,0,2024/5
2022-08-01,Hoffenheim,Bayern Munich,0,0,D,0,0,H,9,17,4,7,16,17,6,5,3,2,0,0,2024/5
2022-08-26,Freiburg,Dortmund,4,1,H,2,1,H,13,8,4,3,16,9,4,2,0,1,0,0,2024/5
2022-08-25,Monchengladbach,Bochum,0,0,D,0,0,H,3,3,1,1,18,18,3,6,1,2,0,0,2024/5
2022-08-15,Leverkusen,Union Berlin,0,1,A,0,0,H,12,12,4,3,11,11,5,5,3,2,0,0,2024/5
2022-08-14,Bremen,Union Berlin,1,0,H,0,0,H,6,11,2,3,15,12,5,6,2,3,0,0,2024/5
2022-08-19,Bayern Munich,Monchengladbach,1,0,H,1,0,H,8,11,2,4,14,18,3,5,2,3,0,0,2024/5
2022-08-12,Dortmund,Monchengladbach,3,0,H,2,0,H,20,13,8,5,15,16,4,6,3,0,0,0,2024/5
2022-08-13,Augsburg,Mainz,0,0,D,0,0,H,3,9,1,4,18,15,4,4,3,2,0,0,2024/5
2022-08-08,Union Berlin,Augsburg,0,1,A,0,1,H,11,10,3,4,10,15,6,5,0,2,0,0,2024/5
2022-08-09,Hoffenheim,Wolfsburg,1,2,A,0,1,H,7,16,2,5,12,10,8,5,0,0,0,0,2024/5
2022-08-09,Wolfsburg,Dortmund,0,0,D,0,0,H,8,12,3,4,15,9,3,4,2,1,0,0,2024/5
2022-08-17,Leipzig,Bochum,0,0,D,0,0,H,15,14,6,4,13,18,7,6,0,2,0,0,2024/5
2022-08-28,Leipzig,Bremen,1,0,H,1,0,H,10,8,3,2,16,13,3,2,0,0,0,0,2024/5
2022-08-23,Monchengladbach,Leipzig,1,0,H,0,0,H,4,9,1,4,17,16,6,2,3,3,0,0,2024/5
2022-08-19,Freiburg,Mainz,0,0,D,0,0,H,7,5,2,1,8,12,5,5,1,1,0,0,2024/5
2022-08-24,Leverkusen,Stuttgart,1,2,A,0,0,H,10,12,3,5,16,17,7,10,0,3,0,0,2024/5
2022-08-09,Bremen,Frankfurt,1,0,H,0,0,H,11,16,3,5,13,15,4,4,2,3,0,0,2024/5
2022-08-01,Hoffenheim,Heidenheim,0,0,D,0,0,H,9,8,3,2,10,13,2,11,3,0,0,0,2024/5
2022-08-17,Leipzig,Dortmund,1,1,D,1,1,H,10,12,3,5,11,8,12,3,2,0,0,0,2024/5
2022-08-04,Freiburg,Bayern Munich,1,0,H,0,0,H,19,12,9,5,11,8,7,6,3,0,0,0,2024/5
2022-08-04,Augsburg,St. Pauli,0,0,D,0,0,H,7,12,3,5,14,16,7,5,3,2,0,0,2024/5
2022-08-15,Freiburg,Heidenheim,0,0,D,0,0,H,6,3,2,1,11,10,5,8,0,2,0,0,2024/5
2022-08-03,Bochum,Dortmund,0,0,D,0,0,H,10,17,3,5,10,14,4,4,3,3,0,0,2024/5
2022-08-03,Hoffenheim,Monchengladbach,0,0,D,0,0,H,8,11,2,3,14,13,2,3,2,0,0,0,2024/5
2022-08-05,Leipzig,Freiburg,0,1,A,0,0,H,11,11,4,4,14,15,2,5,1,0,0,0,2024/5
2022-08-05,Augsburg,Heidenheim,0,0,D,0,0,H,7,3,3,1,15,13,4,6,0,0,0,0,2024/5
2022-08-22,Monchengladbach,Union Berlin,0,1,A,0,1,H,9,12,4,5,14,16,3,4,3,0,0,0,2024/5
2022-08-03,Wolfsburg,Stuttgart,1,1,D,1,1,H,18,9,7,2,10,9,6,5,0,3,0,0,2024/5
2022-08-08,Union Berlin,Bayern Munich,1,2,A,0,0,H,14,17,4,5,13,11,3,7,1,1,0,0,2024/5
2022-08-19,Leipzig,Wolfsburg,0,0,D,0,0,H,10,13,3,4,13,9,8,3,3,2,0,0,2024/5
2022-08-05,Dortmund,St. Pauli,2,0,H,2,0,H,10,8,3,2,9,16,8,5,1,0,0,0,2024/5
2022-08-17,Leverkusen,Holstein Kiel,0,2,A,0,1,H,11,7,4,2,13,18,6,7,2,0,0,0,2024/5
2022-08-25,Leverkusen,Wolfsburg,2,0,H,2,0,H,16,11,4,3,18,9,7,2,2,2,0,0,2024/5
2022-08-08,Leverkusen,Mainz,3,0,H,2,0,H,16,8,5,2,11,12,2,4,3,2,0,0,2024/5
2022-08-01,Stuttgart,Monchengladbach,0,1,A,0,1,H,12,5,4,2,13,15,7,6,2,2,0,0,2024/5
2022-08-18,Freiburg,Union Berlin,0,0,D,0,0,H,11,6,3,2,12,9,8,7,3,2,0,0,2024/5
2022-08-04,Leipzig,Bayern Munich,1,2,A,0,0,H,15,17,4,7,15,8,3,3,2,3,0,0,2024/5
2022-08-20,Leipzig,Holstein Kiel,1,0,H,0,0,H,13,7,4,3,10,16,5,5,1,1,0,0,2024/5
2022-08-15,Holstein Kiel,Bayern Munich,0,5,A,0,1,H,5,23,2,9,18,16,5,8,2,3,0,0,2024/5
2022-08-12,Mainz,Bayern Munich,1,1,D,1,1,H,12,17,5,6,17,9,5,2,3,1,0,0,2024/5
2022-08-03,Stuttgart,Leipzig,4,0,H,1,0,H,13,11,4,4,8,18,2,10,2,2,0,0,2024/5
2022-08-18,Hoffenheim,Mainz,0,1,A,0,0,H,8,3,3,1,11,11,8,4,0,3,0,0,2024/5
2022-08-01,Monchengladbach,Holstein Kiel,0,0,D,0,0,H,3,7,1,3,16,17,4,2,2,2,0,0,2024/5
2022-08-28,Stuttgart,Bayern Munich,1,4,A,0,0,H,16,21,7,8,13,10,6,4,2,1,0,0,2024/5
2022-08-13,Leverkusen,Leipzig,2,2,D,1,0,H,15,10,4,3,13,8,6,7,2,3,0,0,2024/5
2022-08-14,Augsburg,Frankfurt,0,0,D,0,0,H,8,10,3,4,10,18,6,6,1,3,0,0,2024/5
2022-08-05,Bremen,Monchengladbach,1,0,H,0,0,H,10,7,3,2,18,18,11,6,3,0,0,0,2024/5
2022-08-04,Bremen,Hoffenheim,0,1,A,0,1,H,10,6,4,1,8,17,2,4,1,3,0,0,2024/5
2022-08-19,Holstein Kiel,St. Pauli,0,0,D,0,0,H,7,6,2,2,8,16,5,5,0,3,0,0,2024/5
2022-08-13,Heidenheim,Leverkusen,1,2,A,0,2,H,7,5,3,1,18,10,2,3,0,2,0,0,2024/5
2022-08-15,Monchengladbach,Heidenheim,0,0,D,0,0,H,11,9,4,3,15,15,3,5,0,0,0,0,2024/5
2022-08-05,Bayern Munich,Holstein Kiel,1,1,D,1,0,H,23,5,7,1,9,9,3,5,2,3,0,0,2024/5
2022-08-14,Bayern Munich,Freiburg,2,1,H,0,0,H,14,12,5,4,8,15,8,2,3,1,0,0,2024/5
2022-08-19,Union Berlin,Holstein Kiel,0,0,D,0,0,H,9,8,3,3,18,9,4,2,1,1,0,0,2024/5
2022-08-07,Union Berlin,Bremen,0,0,D,0,0,H,11,9,5,2,13,14,7,2,1,3,0,0,2024/5
2022-08-12,Mainz,Monchengladbach,1,0,H,1,0,H,12,12,5,5,8,8,4,6,3,2,0,0,2024/5
2022-08-17,Hoffenheim,Freiburg,0,0,D,0,0,H,11,6,3,2,14,18,5,6,3,1,0,0,2024/5
2022-08-24,Holstein Kiel,Leverkusen,2,2,D,2,1,H,12,4,3,1,15,12,4,9,3,2,0,0,2024/5
2022-08-20,Leverkusen,Bayern Munich,1,2,A,1,1,H,15,17,5,8,18,18,4,4,2,2,0,0,2024/5
2022-08-16,Union Berlin,Stuttgart,0,0,D,0,0,H,14,10,5,4,9,10,7,4,2,1,0,0,2024/5
2022-08-13,Monchengladbach,Bremen,3,0,H,2,0,H,10,6,4,1,12,14,4,9,0,1,0,0,2024/5
2022-08-19,Holstein Kiel,Freiburg,0,0,D,0,0,H,9,12,3,4,17,11,6,6,1,2,0,0,2024/5
2022-08-18,Dortmund,Holstein Kiel,1,0,H,1,0,H,11,11,4,3,15,16,11,2,1,0,0,0,2024/5
2022-08-24,Leverkusen,Bremen,2,2,D,1,1,H,14,8,4,3,15,13,4,4,1,1,0,0,2024/5
2022-08-05,Hoffenheim,Dortmund,0,0,D,0,0,H,10,6,3,2,17,18,7,8,2,3,0,0,2024/5
2022-08-13,Bochum,Freiburg,0,0,D,0,0,H,9,8,2,3,17,18,6,5,1,2,0,0,2024/5
2022-08-26,Bremen,Bayern Munich,0,1,A,0,1,H,10,8,3,3,10,10,8,4,1,0,0,0,2024/5
2022-08-01,Bochum,Bayern Munich,0,2,A,0,1,H,10,14,3,6,11,17,6,6,2,3,0,0,2024/5
2022-08-16,Union Berlin,Leverkusen,0,0,D,0,0,H,16,5,6,1,18,15,6,7,3,0,0,0,2024/5
2022-08-07,St. Pauli,Leverkusen,0,1,A,0,0,H,13,11,6,4,12,18,6,5,2,1,0,0,2024/5
2022-08-11,Frankfurt,Union Berlin,1,1,D,0,0,H,11,10,4,3,15,13,4,4,0,1,0,0,2024/5
2022-08-02,Monchengladbach,Wolfsburg,0,0,D,0,0,H,9,11,2,3,11,14,7,6,2,3,0,0,2024/5
2022-08-07,Heidenheim,Union Berlin,1,2,A,1,2,H,12,8,4,3,11,17,4,7,0,3,0,0,2024/5
2022-08-26,Augsburg,Bayern Munich,0,2,A,0,1,H,12,10,5,4,16,16,3,2,2,2,0,0,2024/5
2022-08-19,Leipzig,Hoffenheim,0,0,D,0,0,H,18,13,6,5,18,12,2,5,2,0,0,0,2024/5
2022-08-16,Monchengladbach,Dortmund,1,1,D,1,0,H,14,10,4,3,17,15,4,5,2,1,0,0,2024/5
2022-08-01,Stuttgart,Heidenheim,0,1,A,0,0,H,9,10,2,4,9,16,9,5,0,3,0,0,2024/5
2022-08-05,Hoffenheim,Union Berlin,0,0,D,0,0,H,6,9,2,3,18,17,5,6,1,2,0,0,2024/5
2022-08-17,St. Pauli,Union Berlin,0,0,D,0,0,H,5,9,1,3,18,9,2,7,0,0,0,0,2024/5
2022-08-12,Freiburg,Bochum,1,0,H,0,0,H,6,6,2,2,14,8,9,2,0,3,0,0,2024/5
2022-08-10,Augsburg,Holstein Kiel,0,0,D,0,0,H,5,10,2,3,13,13,11,5,2,3,0,0,2024/5
2022-08-08,Bayern Munich,St. Pauli,3,0,H,0,0,H,22,5,7,1,13,12,7,3,3,1,0,0,2024/5
2022-08-28,Bayern Munich,Stuttgart,3,0,H,1,0,H,14,9,4,3,9,15,8,6,1,2,0,0,2024/5
2022-08-26,Freiburg,Frankfurt,0,1,A,0,0,H,11,10,5,4,17,13,6,2,2,3,0,0,2024/5
2022-08-26,Stuttgart,Augsburg,1,0,H,1,0,H,16,8,4,2,11,17,4,6,0,0,0,0,2024/5
2022-08-11,Augsburg,Wolfsburg,1,0,H,0,0,H,10,7,3,2,10,9,6,10,2,0,0,0,2024/5
2022-08-04,Hoffenheim,Leverkusen,0,0,D,0,0,H,8,8,2,2,15,13,3,8,3,0,0,0,2024/5
2022-08-22,Wolfsburg,Leipzig,0,2,A,0,0,H,11,13,4,5,9,16,6,5,2,2,0,0,2024/5
2022-08-24,Monchengladbach,Stuttgart,1,0,H,0,0,H,10,14,3,5,8,10,2,7,2,0,0,0,2024/5
2022-08-04,Freiburg,Bremen,0,0,D,0,0,H,7,12,3,4,15,18,3,9,0,2,0,0,2024/5
2022-08-06,Hoffenheim,Augsburg,1,0,H,1,0,H,7,9,2,3,12,17,4,5,1,1,0,0,2024/5
2022-08-21,Leverkusen,Bochum,1,1,D,0,0,H,15,18,4,7,12,10,2,8,2,0,0,0,2024/5
2022-08-17,Stuttgart,Mainz,1,1,D,0,1,H,11,7,4,2,13,14,5,6,1,0,0,0,2024/5
2022-08-04,Dortmund,Augsburg,1,0,H,1,0,H,11,6,4,1,10,8,8,4,0,3,0,0,2024/5
2022-08-21,Stuttgart,Bochum,0,1,A,0,0,H,6,12,1,5,12,12,5,10,3,3,0,0,2024/5
2022-08-05,Hoffenheim,St. Pauli,0,1,A,0,1,H,4,12,1,5,15,10,2,6,0,1,0,0,2024/5
2022-08-04,Wolfsburg,Freiburg,0,0,D,0,0,H,11,10,4,4,14,12,5,2,2,0,0,0,2024/5
2022-08-04,Augsburg,Leipzig,0,1,A,0,0,H,13,14,4,4,16,18,4,5,0,0,0,0,2024/5
2022-08-04,Wolfsburg,Hoffenheim,0,1,A,0,1,H,9,8,3,2,13,14,9,3,1,1,0,0,2024/5
2022-08-24,Dortmund,Heidenheim,1,1,D,1,1,H,13,7,6,3,10,10,4,4,2,3,0,0,2024/5
2022-08-25,Frankfurt,Mainz,0,1,A,0,0,H,11,10,5,4,10,8,3,3,1,2,0,0,2024/5
2022-08-08,Leverkusen,St. Pauli,0,0,D,0,0,H,22,10,9,3,16,14,3,8,3,0,0,0,2024/5
2022-08-20,Monchengladbach,Bayern Munich,1,3,A,0,0,H,14,20,4,9,11,18,3,4,3,3,0,0,2024/5
2022-08-23,Mainz,Frankfurt,0,0,D,0,0,H,10,12,3,5,15,15,7,6,1,0,0,0,2024/5
2022-08-23,Wolfsburg,Heidenheim,1,0,H,0,0,H,15,7,5,2,8,8,7,5,1,1,0,0,2024/5
2022-08-23,Dortmund,Frankfurt,2,0,H,2,0,H,18,19,6,5,18,17,8,5,3,1,0,0,2024/5
2022-08-06,Bayern Munich,Leipzig,4,2,H,4,2,H,18,7,8,2,14,13,4,4,2,0,0,0,2024/5
2022-08-07,Monchengladbach,Mainz,0,0,D,0,0,H,4,7,1,2,17,10,9,5,3,3,0,0,2024/5
2022-08-18,St. Pauli,Stuttgart,0,0,D,0,0,H,10,12,4,4,13,10,3,5,1,0,0,0,2024/5
2022-08-13,Bochum,Stuttgart,0,0,D,0,0,H,9,12,4,4,18,11,4,7,1,3,0,0,2024/5
2022-08-24,Heidenheim,Bayern Munich,1,1,D,0,0,H,13,20,3,9,8,12,4,4,1,1,0,0,2024/5
2022-08-17,Union Berlin,Leipzig,0,0,D,0,0,H,6,7,2,2,17,17,6,4,2,1,0,0,2024/5
2022-08-06,St. Pauli,Hoffenheim,0,0,D,0,0,H,10,9,3,3,18,9,9,3,1,2,0,0,2024/5
2022-08-27,Augsburg,Freiburg,0,1,A,0,0,H,9,11,3,4,15,18,10,7,0,3,0,0,2024/5
2022-08-04,Hoffenheim,Holstein Kiel,0,0,D,0,0,H,8,6,3,2,16,16,7,9,0,3,0,0,2025/6
2022-08-22,Hoffenheim,St. Pauli,0,0,D,0,0,H,9,8,3,2,8,11,8,5,0,2,0,0,2025/6
2022-08-19,St. Pauli,Mainz,1,1,D,0,0,H,14,8,5,3,9,16,5,2,2,1,0,0,2025/6
2022-08-27,Bayern Munich,Augsburg,3,1,H,3,0,H,12,12,3,5,12,17,4,4,1,1,0,0,2025/6
2022-08-01,Stuttgart,Heidenheim,0,0,D,0,0,H,9,5,3,1,14,11,6,8,2,3,0,0,2025/6
2022-08-21,Wolfsburg,Monchengladbach,0,1,A,0,0,H,8,7,3,3,9,13,5,5,1,3,0,0,2025/6
2022-08-12,Mainz,Wolfsburg,0,0,D,0,0,H,9,10,2,4,18,18,2,6,2,2,0,0,2025/6
2022-08-28,Bremen,Monchengladbach,0,0,D,0,0,H,6,6,2,2,8,15,2,4,3,3,0,0,2025/6
2022-08-26,Bochum,Leipzig,0,1,A,0,1,H,7,5,3,2,17,10,6,3,1,0,0,0,2025/6
2022-08-22,Union Berlin,Hoffenheim,1,0,H,1,0,H,8,4,2,1,18,8,4,4,2,0,0,0,2025/6
2022-08-04,Stuttgart,Monchengladbach,0,0,D,0,0,H,13,10,5,4,10,12,4,5,3,0,0,0,2025/6
2022-08-09,Freiburg,Union Berlin,0,0,D,0,0,H,6,8,2,3,9,8,2,6,2,3,0,0,2025/6
2022-08-05,St. Pauli,Bochum,0,2,A,0,1,H,8,12,3,5,14,10,10,2,2,2,0,0,2025/6
2022-08-18,Freiburg,Dortmund,1,0,H,0,0,H,8,15,2,5,14,15,6,4,0,0,0,0,2025/6
2022-08-01,Frankfurt,Union Berlin,2,0,H,1,0,H,6,3,2,1,11,11,2,7,1,2,0,0,2025/6
2022-08-26,Leverkusen,Frankfurt,2,1,H,1,1,H,8,16,2,5,8,15,5,2,1,1,0,0,2025/6
2022-08-20,Heidenheim,Bayern Munich,0,2,A,0,1,H,18,14,6,5,15,18,6,2,2,0,0,0,2025/6
2022-08-08,Wolfsburg,Leverkusen,0,0,D,0,0,H,8,13,2,5,16,9,2,9,3,3,0,0,2025/6
2022-08-05,Leipzig,Bochum,1,0,H,0,0,H,6,9,2,3,12,14,10,5,1,2,0,0,2025/6
2022-08-22,Augsburg,Heidenheim,0,0,D,0,0,H,8,10,3,3,11,8,4,6,0,3,0,0,2025/6
2022-08-09,Leverkusen,Heidenheim,2,0,H,0,0,H,9,6,2,1,13,14,4,5,2,0,0,0,2025/6
2022-08-27,Holstein Kiel,Union Berlin,1,0,H,0,0,H,7,3,2,1,15,8,8,2,0,1,0,0,2025/6
2022-08-27,Leipzig,Freiburg,0,0,D,0,0,H,12,10,4,3,10,13,2,3,3,3,0,0,2025/6
2022-08-11,Freiburg,Frankfurt,0,1,A,0,0,H,11,11,5,5,11,14,4,5,1,2,0,0,2025/6
2022-08-27,Union Berlin,Dortmund,2,0,H,0,0,H,8,11,2,3,13,12,2,7,0,0,0,0,2025/6
2022-08-01,St. Pauli,Hoffenheim,2,1,H,0,0,H,8,10,3,4,14,8,4,2,3,0,0,0,2025/6
2022-08-02,Hoffenheim,Bremen,0,1,A,0,0,H,5,9,2,2,13,10,8,4,1,0,0,0,2025/6
2022-08-26,Holstein Kiel,Leipzig,1,1,D,0,1,H,14,10,4,4,15,18,7,12,1,2,0,0,2025/6
2022-08-14,Frankfurt,St. Pauli,2,0,H,1,0,H,11,10,4,3,9,9,4,3,3,0,0,0,2025/6
2022-08-20,Dortmund,Wolfsburg,2,1,H,1,1,H,19,15,8,6,12,12,4,11,1,3,0,0,2025/6
2022-08-11,Monchengladbach,Augsburg,1,0,H,0,0,H,10,9,3,4,11,15,4,4,2,1,0,0,2025/6
2022-08-18,Freiburg,Heidenheim,0,0,D,0,0,H,5,7,2,2,9,12,2,7,2,0,0,0,2025/6
2022-08-19,Hoffenheim,Freiburg,0,1,A,0,1,H,9,5,3,2,11,13,6,5,0,1,0,0,2025/6
2022-08-06,Augsburg,Hoffenheim,0,0,D,0,0,H,3,5,1,2,16,16,8,5,0,2,0,0,2025/6
2022-08-23,Stuttgart,Holstein Kiel,1,0,H,0,0,H,11,6,3,2,18,16,2,3,0,3,0,0,2025/6
2022-08-05,Bremen,Dortmund,1,1,D,1,0,H,12,10,5,4,13,10,9,6,2,3,0,0,2025/6
2022-08-19,Frankfurt,Freiburg,0,0,D,0,0,H,14,12,4,5,14,12,4,5,1,0,0,0,2025/6
2022-08-13,Leverkusen,Mainz,2,0,H,0,0,H,16,16,4,6,17,16,6,3,1,3,0,0,2025/6
2022-08-12,Mainz,Bremen,0,0,D,0,0,H,12,7,5,3,13,11,8,7,3,3,0,0,2025/6
2022-08-21,Freiburg,Leverkusen,0,4,A,0,2,H,17,22,7,9,12,18,3,7,3,0,0,0,2025/6
2022-08-01,Leverkusen,Leipzig,2,1,H,0,0,H,12,12,3,5,15,10,3,4,2,2,0,0,2025/6
2022-08-03,Heidenheim,St. Pauli,0,0,D,0,0,H,11,10,3,3,14,8,4,2,1,1,0,0,2025/6
2022-08-05,Heidenheim,Frankfurt,1,0,H,1,0,H,15,12,5,4,14,10,5,2,2,0,0,0,2025/6
2022-08-02,Heidenheim,Dortmund,0,3,A,0,2,H,7,10,2,3,11,10,8,11,2,0,0,0,2025/6
2022-08-19,Mainz,Augsburg,0,0,D,0,0,H,8,8,3,3,12,11,6,4,2,2,0,0,2025/6
2022-08-08,Heidenheim,Mainz,0,1,A,0,0,H,10,6,4,1,14,9,5,3,3,2,0,0,2025/6
2022-08-20,Holstein Kiel,Wolfsburg,0,1,A,0,0,H,9,13,3,5,13,17,6,3,2,3,0,0,2025/6
2022-08-24,Leipzig,Bremen,0,0,D,0,0,H,10,10,3,4,9,15,4,5,2,1,0,0,2025/6
2022-08-22,Union Berlin,Holstein Kiel,0,0,D,0,0,H,8,10,2,4,12,8,4,4,1,1,0,0,2025/6
2022-08-16,Heidenheim,Union Berlin,0,0,D,0,0,H,6,13,2,6,14,9,7,4,3,3,0,0,2025/6
2022-08-02,Bochum,Stuttgart,0,0,D,0,0,H,6,6,1,2,12,14,4,5,2,2,0,0,2025/6
2022-08-04,Dortmund,Heidenheim,1,0,H,1,0,H,6,10,2,4,8,13,7,5,0,1,0,0,2025/6
2022-08-02,Wolfsburg,Heidenheim,1,0,H,0,0,H,10,7,4,2,15,18,3,5,2,2,0,0,2025/6
2022-08-23,Frankfurt,Leverkusen,2,1,H,1,1,H,11,7,5,2,10,15,3,4,3,3,0,0,2025/6
2022-08-23,Bremen,Holstein Kiel,0,1,A,0,0,H,7,6,2,2,12,11,9,3,1,3,0,0,2025/6
2022-08-07,Wolfsburg,Bochum,0,0,D,0,0,H,9,6,3,2,17,14,2,4,1,0,0,0,2025/6
2022-08-01,Bremen,Wolfsburg,0,0,D,0,0,H,11,14,3,4,15,15,7,7,1,0,0,0,2025/6
2022-08-23,Monchengladbach,Stuttgart,0,0,D,0,0,H,9,14,3,6,16,14,3,3,3,2,0,0,2025/6
2022-08-08,Leipzig,Heidenheim,0,0,D,0,0,H,8,10,2,3,9,8,2,2,2,1,0,0,2025/6
2022-08-08,Heidenheim,Bochum,0,0,D,0,0,H,5,5,1,2,8,18,11,5,2,0,0,0,2025/6
2022-08-27,Hoffenheim,Augsburg,0,1,A,0,1,H,8,13,2,5,11,9,8,7,1,3,0,0,2025/6
2022-08-10,Mainz,Union Berlin,1,0,H,1,0,H,11,13,3,4,16,13,7,5,0,1,0,0,2025/6
2022-08-21,Frankfurt,Dortmund,0,1,A,0,0,H,15,13,7,4,8,16,4,3,1,3,0,0,2025/6
2022-08-06,Dortmund,Augsburg,0,0,D,0,0,H,10,4,4,1,8,16,3,2,3,0,0,0,2025/6
2022-08-25,Bochum,Frankfurt,0,1,A,0,1,H,9,6,2,2,12,13,4,2,1,1,0,0,2025/6
2022-08-02,Monchengladbach,Wolfsburg,0,0,D,0,0,H,9,6,3,2,10,11,9,3,1,0,0,0,2025/6
2022-08-17,Bochum,Hoffenheim,0,0,D,0,0,H,15,9,7,4,15,13,3,3,0,3,0,0,2025/6
2022-08-01,Freiburg,St. Pauli,1,1,D,0,1,H,7,12,2,4,16,16,12,5,0,3,0,0,2025/6
2022-08-11,Union Berlin,Wolfsburg,2,1,H,2,1,H,14,10,4,3,8,10,6,10,2,0,0,0,2025/6
2022-08-18,Leipzig,Wolfsburg,1,0,H,0,0,H,17,7,5,2,14,15,2,6,2,3,0,0,2025/6
2022-08-19,Bochum,Wolfsburg,0,0,D,0,0,H,15,4,5,1,13,17,8,10,0,2,0,0,2025/6
2022-08-08,Leipzig,Mainz,0,0,D,0,0,H,14,14,6,5,14,14,6,5,2,3,0,0,2025/6
2022-08-18,Bochum,Holstein Kiel,1,1,D,0,0,H,7,11,2,4,9,12,9,2,1,0,0,0,2025/6
2022-08-25,Leipzig,Monchengladbach,2,0,H,2,0,H,10,15,3,6,18,13,4,8,0,2,0,0,2025/6
2022-08-22,Hoffenheim,Mainz,0,0,D,0,0,H,6,10,2,3,11,12,5,4,1,2,0,0,2025/6
2022-08-13,Bayern Munich,Holstein Kiel,1,1,D,0,0,H,22,8,10,3,15,12,2,7,0,3,0,0,2025/6
2022-08-19,Dortmund,Mainz,2,0,H,0,0,H,9,9,3,3,16,13,6,2,2,3,0,0,2025/6
2022-08-21,Bayern Munich,Heidenheim,3,0,H,0,0,H,9,10,4,3,14,15,6,4,1,3,0,0,2025/6
2022-08-19,Holstein Kiel,Leverkusen,0,0,D,0,0,H,4,11,1,3,15,16,5,2,2,1,0,0,2025/6
2022-08-07,St. Pauli,Wolfsburg,0,0,D,0,0,H,10,8,4,2,9,14,8,7,2,2,0,0,2025/6
2022-08-09,Wolfsburg,Dortmund,0,1,A,0,1,H,17,10,8,4,11,15,9,12,0,2,0,0,2025/6
2022-08-13,Bayern Munich,Dortmund,2,0,H,0,0,H,17,15,6,6,13,9,3,4,3,2,0,0,2025/6
2022-08-19,St. Pauli,Monchengladbach,0,1,A,0,0,H,6,10,2,4,10,8,6,5,1,1,0,0,2025/6
2022-08-05,Holstein Kiel,Mainz,0,0,D,0,0,H,11,11,4,4,13,14,7,4,3,1,0,0,2025/6
2022-08-25,Stuttgart,Leipzig,2,2,D,1,0,H,8,10,2,3,13,15,2,6,2,0,0,0,2025/6
2022-08-13,Wolfsburg,Frankfurt,0,1,A,0,0,H,9,9,3,3,14,8,9,9,0,0,0,0,2025/6
2022-08-14,Stuttgart,Bochum,0,1,A,0,1,H,6,6,2,2,18,17,2,2,0,1,0,0,2025/6
2022-08-08,Leipzig,Augsburg,0,0,D,0,0,H,11,13,3,6,18,14,2,3,2,1,0,0,2025/6
2022-08-09,Monchengladbach,Dortmund,1,1,D,1,0,H,9,7,3,3,17,18,5,2,3,3,0,0,2025/6
2022-08-02,Holstein Kiel,Bremen,0,0,D,0,0,H,7,3,2,1,8,15,7,6,2,3,0,0,2025/6
2022-08-02,Bremen,Augsburg,0,0,D,0,0,H,9,11,3,5,8,12,4,8,0,3,0,0,2025/6
2022-08-15,Stuttgart,Leverkusen,1,1,D,0,1,H,15,10,5,3,9,18,5,6,3,1,0,0,2025/6
2022-08-12,Wolfsburg,Mainz,1,2,A,1,2,H,7,6,2,2,15,15,3,7,2,0,0,0,2025/6
2022-08-14,Heidenheim,Holstein Kiel,0,0,D,0,0,H,11,6,4,2,9,16,6,4,1,2,0,0,2025/6
2022-08-16,Augsburg,Leipzig,0,1,A,0,1,H,13,12,4,4,16,13,7,4,1,0,0,0,2025/6
2022-08-06,Wolfsburg,Union Berlin,0,0,D,0,0,H,10,15,4,6,14,11,4,8,2,1,0,0,2025/6
2022-08-28,Bochum,Heidenheim,1,0,H,0,0,H,10,12,3,4,17,16,5,4,1,0,0,0,2025/6
2022-08-04,Dortmund,Holstein Kiel,2,0,H,0,0,H,13,5,3,2,11,10,3,4,0,2,0,0,2025/6
2022-08-14,Leverkusen,Augsburg,2,0,H,2,0,H,13,8,4,3,15,15,4,3,0,2,0,0,2025/6
2022-08-21,Union Berlin,Bochum,0,0,D,0,0,H,11,7,3,3,14,14,5,3,0,2,0,0,2025/6
2022-08-04,Bochum,Monchengladbach,0,1,A,0,0,H,9,13,4,5,14,18,6,5,2,2,0,0,2025/6
2022-08-15,Holstein Kiel,Bochum,1,1,D,1,1,H,8,10,3,4,14,13,4,3,3,3,0,0,2025/6
2022-08-18,Stuttgart,St. Pauli,2,0,H,1,0,H,15,6,5,2,13,10,9,5,0,2,0,0,2025/6
2022-08-11,Monchengladbach,St. Pauli,0,1,A,0,1,H,11,11,4,4,10,9,10,4,3,2,0,0,2025/6
2022-08-05,Bochum,Dortmund,0,0,D,0,0,H,7,10,2,3,17,16,7,6,3,1,0,0,2025/6
2022-08-14,Union Berlin,Bremen,0,0,D,0,0,H,5,9,1,2,9,18,6,8,2,0,0,0,2025/6
2022-08-26,Mainz,Freiburg,0,0,D,0,0,H,8,7,3,2,18,11,5,3,3,2,0,0,2025/6
2022-08-28,Mainz,St. Pauli,0,0,D,0,0,H,13,12,5,4,14,11,3,5,0,1,0,0,2025/6
2022-08-03,Bayern Munich,Leipzig,5,1,H,2,1,H,20,11,7,3,16,11,4,7,1,1,0,0,2025/6
2022-08-28,Bochum,Union Berlin,0,0,D,0,0,H,9,14,2,4,16,12,7,6,0,3,0,0,2025/6
2022-08-11,Mainz,Hoffenheim,0,0,D,0,0,H,16,11,5,4,13,10,4,9,2,2,0,0,2025/6
2022-08-14,Frankfurt,Stuttgart,1,0,H,0,0,H,6,9,2,3,17,15,5,6,2,2,0,0,2025/6
2022-08-15,Union Berlin,Leipzig,0,1,A,0,0,H,7,17,2,5,17,16,10,8,1,3,0,0,2025/6
2022-08-13,Frankfurt,Wolfsburg,0,0,D,0,0,H,9,6,3,2,14,17,4,5,3,1,0,0,2025/6
2022-08-19,Augsburg,Stuttgart,0,1,A,0,1,H,8,9,3,3,13,16,5,8,3,2,0,0,2025/6
2022-08-22,Bayern Munich,Mainz,2,0,H,0,0,H,20,14,9,5,14,8,3,3,0,0,0,0,2025/6
2022-08-14,Wolfsburg,Augsburg,0,0,D,0,0,H,8,5,3,1,17,12,3,2,3,3,0,0,2025/6
2022-08-22,Hoffenheim,Union Berlin,1,0,H,0,0,H,5,5,1,2,16,12,9,9,1,3,0,0,2025/6
2022-08-15,Mainz,Bayern Munich,0,1,A,0,1,H,10,13,3,6,11,14,3,6,3,0,0,0,2025/6
2022-08-27,Frankfurt,Augsburg,0,0,D,0,0,H,17,7,5,3,15,9,6,3,0,2,0,0,2025/6
2022-08-07,St. Pauli,Union Berlin,1,0,H,0,0,H,7,9,3,4,16,18,2,6,3,1,0,0,2025/6
2022-08-21,Frankfurt,Heidenheim,0,0,D,0,0,H,7,12,3,5,9,17,6,3,0,2,0,0,2025/6
2022-08-27,Leverkusen,Freiburg,3,0,H,0,0,H,11,10,4,4,12,14,3,3,1,1,0,0,2025/6
2022-08-26,Frankfurt,Bayern Munich,1,5,A,1,1,H,15,17,5,5,11,17,5,3,1,2,0,0,2025/6
2022-08-05,Hoffenheim,Leverkusen,0,0,D,0,0,H,10,11,3,3,13,11,8,6,0,2,0,0,2025/6
2022-08-28,Frankfurt,Leipzig,0,1,A,0,0,H,11,16,4,5,17,16,3,9,2,0,0,0,2025/6
2022-08-17,St. Pauli,Dortmund,1,0,H,0,0,H,8,10,2,4,12,11,6,7,2,0,0,0,2025/6
2022-08-07,Freiburg,Hoffenheim,0,2,A,0,0,H,8,9,3,4,11,10,2,2,0,3,0,0,2025/6
2022-08-07,Hoffenheim,Bochum,0,0,D,0,0,H,3,7,1,3,9,8,8,3,0,3,0,0,2025/6
2022-08-23,Augsburg,Dortmund,0,2,A,0,1,H,4,11,1,4,11,10,3,4,3,3,0,0,2025/6
2022-08-15,Leverkusen,St. Pauli,2,0,H,0,0,H,5,13,1,4,14,9,4,5,3,1,0,0,2025/6
2022-08-18,Augsburg,Leverkusen,0,2,A,0,2,H,3,7,1,2,9,12,7,7,3,0,0,0,2025/6
2022-08-22,St. Pauli,Augsburg,0,0,D,0,0,H,8,13,3,4,11,17,5,4,1,1,0,0,2025/6
2022-08-03,Stuttgart,Augsburg,0,0,D,0,0,H,12,10,5,4,13,8,4,4,0,1,0,0,2025/6
2022-08-02,Hoffenheim,Dortmund,1,0,H,0,0,H,9,11,3,3,14,10,4,5,3,2,0,0,2025/6
2022-08-07,Mainz,Leverkusen,0,0,D,0,0,H,15,14,6,5,17,9,3,10,1,0,0,0,2025/6
2022-08-15,Augsburg,Bochum,0,0,D,0,0,H,8,4,3,1,13,17,2,4,1,2,0,0,2025/6
2022-08-06,Dortmund,Leverkusen,2,0,H,2,0,H,14,17,4,6,9,9,4,6,3,1,0,0,2025/6
2022-08-21,Frankfurt,Monchengladbach,0,0,D,0,0,H,15,6,7,2,18,13,4,6,0,0,0,0,2025/6
2022-08-07,Leipzig,Stuttgart,1,0,H,0,0,H,10,12,3,4,14,12,5,6,2,2,0,0,2025/6
2022-08-14,Holstein Kiel,Hoffenheim,1,1,D,1,0,H,6,10,2,4,17,9,5,3,2,1,0,0,2025/6
2022-08-02,Heidenheim,Augsburg,0,1,A,0,0,H,7,5,3,1,15,18,5,7,1,1,0,0,2025/6
2022-08-11,Dortmund,St. Pauli,0,0,D,0,0,H,8,6,3,2,10,15,6,10,0,3,0,0,2025/6
2022-08-07,Bayern Munich,Bremen,0,0,D,0,0,H,17,12,6,3,11,16,2,3,2,1,0,0,2025/6
2022-08-14,Bayern Munich,Monchengladbach,0,2,A,0,2,H,20,9,6,2,11,18,2,7,1,2,0,0,2025/6
2022-08-15,Dortmund,Freiburg,1,0,H,0,0,H,15,9,6,3,13,12,3,4,3,2,0,0,2025/6
2022-08-15,Wolfsburg,Hoffenheim,0,0,D,0,0,H,10,9,3,3,18,8,5,4,1,2,0,0,2025/6
2022-08-10,Union Berlin,Frankfurt,0,2,A,0,2,H,7,12,2,4,14,13,4,2,3,2,0,0,2025/6
2022-08-24,Frankfurt,Mainz,3,0,H,1,0,H,12,9,4,4,11,13,6,7,0,3,0,0,2025/6
2022-08-27,Heidenheim,Stuttgart,0,0,D,0,0,H,11,12,5,5,16,13,4,5,0,3,0,0,2025/6
2022-08-12,Monchengladbach,Union Berlin,2,0,H,2,0,H,6,10,2,4,17,14,3,2,2,3,0,0,2025/6
2022-08-08,Mainz,Holstein Kiel,0,0,D,0,0,H,9,4,3,1,11,15,11,4,2,1,0,0,2025/6
2022-08-21,Freiburg,Bremen,0,1,A,0,0,H,12,11,5,4,10,9,2,2,0,1,0,0,2025/6
2022-08-11,Dortmund,Union Berlin,2,1,H,1,1,H,12,9,4,4,13,15,7,7,2,1,0,0,2025/6
2022-08-09,Hoffenheim,Monchengladbach,1,1,D,0,1,H,7,9,2,3,9,12,3,6,1,3,0,0,2025/6
2022-08-18,Augsburg,Union Berlin,0,0,D,0,0,H,7,9,2,3,9,11,5,2,3,1,0,0,2025/6
2022-08-07,Mainz,Frankfurt,0,1,A,0,0,H,10,8,3,3,13,18,3,8,1,2,0,0,2025/6
2022-08-21,Bayern Munich,Freiburg,2,1,H,2,1,H,19,15,8,4,13,8,8,8,0,2,0,0,2025/6
2022-08-26,Augsburg,Frankfurt,0,0,D,0,0,H,9,10,3,3,14,18,4,7,2,1,0,0,2025/6
2022-08-22,Monchengladbach,Hoffenheim,1,0,H,1,0,H,13,8,5,3,18,12,5,4,3,3,0,0,2025/6
2022-08-17,Augsburg,St. Pauli,0,2,A,0,0,H,8,5,2,2,10,12,3,2,2,3,0,0,2025/6
2022-08-08,Stuttgart,Mainz,0,0,D,0,0,H,16,10,6,4,14,18,4,6,0,2,0,0,2025/6
2022-08-12,Heidenheim,Leipzig,2,1,H,0,1,H,12,12,3,5,8,16,7,10,2,2,0,0,2025/6
2022-08-16,Holstein Kiel,Dortmund,0,0,D,0,0,H,6,10,2,3,10,14,7,6,3,1,0,0,2025/6
2022-08-27,Holstein Kiel,Stuttgart,0,2,A,0,2,H,9,13,2,5,10,15,5,3,1,2,0,0,2025/6
2022-08-20,Stuttgart,Dortmund,1,0,H,0,0,H,9,14,4,6,10,15,3,10,0,2,0,0,2025/6
2022-08-21,Bochum,Mainz,1,0,H,0,0,H,6,10,2,3,12,14,3,3,3,3,0,0,2025/6
2022-08-24,Union Berlin,Bayern Munich,0,0,D,0,0,H,10,19,4,6,14,9,3,6,0,3,0,0,2025/6
2022-08-25,Bayern Munich,Wolfsburg,2,4,A,1,2,H,15,9,6,3,16,16,6,10,3,1,0,0,2025/6
2022-08-01,Dortmund,Monchengladbach,2,0,H,1,0,H,4,8,1,2,11,18,4,3,2,0,0,0,2025/6
2022-08-03,Leverkusen,Hoffenheim,2,1,H,1,0,H,7,9,3,3,11,18,13,5,2,2,0,0,2025/6
2022-08-08,Leverkusen,Dortmund,3,4,A,0,1,H,18,12,7,5,9,16,2,5,1,0,0,0,2025/6
2022-08-19,Mainz,Leipzig,1,3,A,0,0,H,14,16,4,6,9,10,7,2,1,3,0,0,2025/6
2022-08-20,St. Pauli,Heidenheim,0,0,D,0,0,H,7,9,3,3,16,8,5,5,0,1,0,0,2025/6
2022-08-17,Dortmund,Stuttgart,0,1,A,0,1,H,23,18,7,6,13,10,4,5,0,0,0,0,2025/6
2022-08-03,Monchengladbach,Heidenheim,0,1,A,0,1,H,5,6,1,1,11,11,2,10,3,1,0,0,2025/6
2022-08-03,Bremen,Frankfurt,0,0,D,0,0,H,9,6,2,2,10,15,4,7,0,1,0,0,2025/6
2022-08-02,Augsburg,Mainz,0,0,D,0,0,H,10,7,4,2,9,10,3,6,2,0,0,0,2025/6
2022-08-16,Leverkusen,Bremen,0,0,D,0,0,H,16,13,5,5,18,13,2,5,3,0,0,0,2025/6
2022-08-25,Stuttgart,Freiburg,0,1,A,0,1,H,12,12,3,4,9,15,7,5,3,2,0,0,2025/6
2022-08-10,Union Berlin,Augsburg,2,2,D,2,2,H,9,7,4,2,12,16,3,4,1,2,0,0,2025/6
2022-08-04,Augsburg,Holstein Kiel,1,1,D,1,0,H,6,10,2,4,13,9,3,5,2,2,0,0,2025/6
2022-08-21,Bremen,Bochum,0,0,D,0,0,H,6,7,2,2,8,16,2,3,3,0,0,0,2025/6
2022-08-28,Leipzig,Union Berlin,0,1,A,0,0,H,12,10,5,4,12,8,6,6,0,1,0,0,2025/6
2022-08-18,Dortmund,Leipzig,1,0,H,1,0,H,16,9,6,4,11,12,2,6,0,1,0,0,2025/6
2022-08-01,Dortmund,Bochum,0,0,D,0,0,H,14,5,5,2,13,17,3,7,1,1,0,0,2025/6
2022-08-25,St. Pauli,Freiburg,0,0,D,0,0,H,9,5,3,2,13,10,6,2,3,3,0,0,2025/6
2022-08-03,Frankfurt,Bochum,0,0,D,0,0,H,8,8,3,3,11,9,5,7,0,3,0,0,2025/6
2022-08-24,Monchengladbach,Frankfurt,0,0,D,0,0,H,12,12,4,4,11,10,9,4,3,3,0,0,2025/6
2022-08-17,Stuttgart,Bremen,1,0,H,1,0,H,12,5,5,1,9,9,3,8,3,3,0,0,2025/6
2022-08-20,Bochum,Augsburg,0,0,D,0,0,H,14,7,5,2,8,10,5,5,2,0,0,0,2025/6
2022-08-14,Frankfurt,Hoffenheim,0,0,D,0,0,H,9,12,4,5,15,11,7,7,0,1,0,0,2025/6
2022-08-26,Wolfsburg,Stuttgart,1,0,H,1,0,H,15,12,5,4,13,11,4,6,0,2,0,0,2025/6
2022-08-17,St. Pauli,Holstein Kiel,2,0,H,1,0,H,7,9,3,2,12,9,5,3,0,2,0,0,2025/6
2022-08-17,Hoffenheim,Wolfsburg,0,0,D,0,0,H,15,11,5,4,13,10,3,9,2,3,0,0,2025/6
2022-08-09,Union Berlin,Monchengladbach,2,1,H,0,0,H,9,6,3,2,14,15,8,5,3,0,0,0,2025/6
2022-08-21,Monchengladbach,Holstein Kiel,0,0,D,0,0,H,12,9,5,4,15,14,2,5,2,2,0,0,2025/6
2022-08-23,Heidenheim,Bremen,0,1,A,0,0,H,8,6,3,2,8,9,3,2,3,1,0,0,2025/6
2022-08-24,Mainz,Stuttgart,0,1,A,0,0,H,13,12,5,4,10,16,5,5,1,0,0,0,2025/6
2022-08-12,Freiburg,Holstein Kiel,0,0,D,0,0,H,9,8,4,2,9,9,3,7,1,0,0,0,2025/6
2022-08-13,St. Pauli,Frankfurt,1,0,H,1,0,H,5,7,1,2,16,8,6,3,0,0,0,0,2025/6
2022-08-03,Stuttgart,Hoffenheim,0,0,D,0,0,H,11,10,3,3,18,15,5,2,2,3,0,0,2025/6
2022-08-09,Dortmund,Frankfurt,0,0,D,0,0,H,14,5,5,2,16,13,9,7,3,3,0,0,2025/6
2022-08-03,Freiburg,Bochum,3,0,H,1,0,H,10,11,4,4,10,12,2,5,0,3,0,0,2025/6
2022-08-22,Leipzig,Dortmund,1,2,A,1,1,H,13,14,4,5,9,11,2,3,0,0,0,0,2025/6
2022-08-27,Dortmund,Bremen,2,0,H,2,0,H,11,7,4,3,13,14,5,8,3,3,0,0,2025/6
2022-08-05,Union Berlin,Leverkusen,2,1,H,1,1,H,9,13,2,6,12,17,5,9,3,0,0,0,2025/6
2022-08-14,Mainz,Monchengladbach,1,0,H,0,0,H,8,8,2,2,12,13,9,6,0,3,0,0,2025/6
2022-08-05,Leverkusen,Wolfsburg,3,0,H,1,0,H,21,9,9,2,18,11,5,4,0,2,0,0,2025/6
2022-08-28,Leipzig,Hoffenheim,0,0,D,0,0,H,15,12,5,4,10,15,4,2,3,1,0,0,2025/6
2022-08-12,Monchengladbach,Leverkusen,1,0,H,0,0,H,5,15,1,6,18,17,5,8,1,2,0,0,2025/6
2022-08-17,Heidenheim,Freiburg,0,0,D,0,0,H,4,10,1,3,15,10,4,5,3,1,0,0,2025/6
2022-08-11,St. Pauli,Leipzig,0,0,D,0,0,H,8,5,2,2,15,18,6,10,0,1,0,0,2025/6
2022-08-19,Heidenheim,Wolfsburg,1,0,H,0,0,H,10,10,4,4,16,14,4,4,3,1,0,0,2025/6
2022-08-18,Bayern Munich,Hoffenheim,1,0,H,0,0,H,17,14,6,5,12,12,5,7,1,3,0,0,2025/6
2022-08-26,Freiburg,Bayern Munich,0,1,A,0,0,H,11,15,4,6,18,13,6,4,1,1,0,0,2025/6
2022-08-13,Bremen,Leverkusen,1,0,H,1,0,H,13,7,5,3,10,10,3,2,3,1,0,0,2025/6
2022-08-10,Hoffenheim,Heidenheim,0,0,D,0,0,H,10,4,3,1,8,14,2,4,1,0,0,0,2025/6
2022-08-02,Freiburg,Monchengladbach,1,0,H,0,0,H,9,8,3,2,9,12,5,7,1,0,0,0,2025/6
2022-08-11,Bremen,Hoffenheim,0,0,D,0,0,H,8,9,2,3,10,14,4,4,1,3,0,0,2025/6
2022-08-07,Freiburg,Wolfsburg,0,0,D,0,0,H,5,9,2,3,11,13,2,7,3,0,0,0,2025/6
2022-08-24,Heidenheim,Monchengladbach,0,1,A,0,1,H,7,8,2,3,18,12,6,2,1,2,0,0,2025/6
2022-08-11,Augsburg,Bayern Munich,0,1,A,0,1,H,10,17,3,5,12,17,2,2,2,2,0,0,2025/6
2022-08-27,Stuttgart,Wolfsburg,2,1,H,1,0,H,10,8,4,2,9,18,6,4,2,1,0,0,2025/6
2022-08-12,Heidenheim,Hoffenheim,1,1,D,1,1,H,6,3,2,1,9,10,4,8,0,0,0,0,2025/6
2022-08-06,Leverkusen,Holstein Kiel,2,0,H,2,0,H,9,11,4,4,12,18,8,4,3,2,0,0,2025/6
2022-08-09,Augsburg,Monchengladbach,0,0,D,0,0,H,8,10,3,3,15,11,3,2,2,1,0,0,2025/6
2022-08-25,Augsburg,Freiburg,0,0,D,0,0,H,11,6,4,2,18,17,4,8,0,2,0,0,2025/6
2022-08-09,Holstein Kiel,Heidenheim,0,0,D,0,0,H,11,8,4,3,13,18,3,2,0,1,0,0,2025/6
2022-08-08,Augsburg,Wolfsburg,0,0,D,0,0,H,8,6,3,2,8,13,5,4,3,1,0,0,2025/6
2022-08-17,Freiburg,Mainz,0,0,D,0,0,H,12,11,5,3,9,10,5,6,2,3,0,0,2025/6
2022-08-21,Leverkusen,Monchengladbach,0,1,A,0,0,H,15,7,5,2,18,14,2,4,1,2,0,0,2025/6
2022-08-09,Freiburg,Stuttgart,1,1,D,0,0,H,10,12,4,3,18,14,7,4,0,3,0,0,2025/6
2022-08-13,Bayern Munich,St. Pauli,0,0,D,0,0,H,9,5,3,2,17,18,2,4,3,1,0,0,2025/6
2022-08-05,Holstein Kiel,St. Pauli,1,0,H,1,0,H,8,6,3,2,9,16,4,8,3,0,0,0,2025/6
2022-08-15,Bayern Munich,Union Berlin,4,0,H,0,0,H,14,9,4,4,9,13,3,5,0,0,0,0,2025/6
2022-08-07,Bochum,Leverkusen,0,1,A,0,0,H,6,7,1,3,9,14,6,6,0,0,0,0,2025/6
2022-08-06,Wolfsburg,Bayern Munich,1,1,D,0,0,H,11,17,3,8,16,17,6,7,3,1,0,0,2025/6
2022-08-03,Bremen,Heidenheim,0,0,D,0,0,H,5,12,1,4,12,17,4,3,2,1,0,0,2025/6
2022-08-20,Bayern Munich,Leverkusen,3,1,H,0,1,H,14,10,5,4,17,18,4,5,3,2,0,0,2025/6
2022-08-09,Mainz,Dortmund,0,1,A,0,1,H,8,4,3,1,12,10,8,6,2,3,0,0,2025/6
2022-08-23,Hoffenheim,Bayern Munich,0,1,A,0,0,H,14,11,6,3,16,14,5,3,0,2,0,0,2025/6
2022-08-24,Wolfsburg,Freiburg,0,0,D,0,0,H,7,15,3,7,17,17,4,4,2,3,0,0,2025/6
2022-08-25,St. Pauli,Leverkusen,0,0,D,0,0,H,12,10,5,3,15,17,6,3,1,1,0,0,2025/6
2022-08-27,Stuttgart,Bayern Munich,1,1,D,0,0,H,21,18,8,7,17,18,4,6,1,3,0,0,2025/6
2022-08-02,Bochum,Bremen,0,0,D,0,0,H,10,6,3,2,13,17,6,3,1,2,0,0,2025/6
2022-08-27,Stuttgart,Union Berlin,1,1,D,0,0,H,12,10,4,4,11,17,8,2,0,1,0,0,2025/6
2022-08-17,Bochum,Bayern Munich,0,1,A,0,1,H,8,11,3,5,13,16,8,7,3,3,0,0,2025/6
2022-08-10,Bremen,Leipzig,1,0,H,0,0,H,10,6,4,2,18,15,2,2,3,0,0,0,2025/6
2022-08-02,Bremen,St. Pauli,1,0,H,0,0,H,6,7,1,2,9,16,2,3,2,1,0,0,2025/6
2022-08-10,Leverkusen,Union Berlin,3,0,H,2,0,H,10,11,3,5,9,16,4,2,0,1,0,0,2025/6
2022-08-26,Holstein Kiel,Bayern Munich,0,1,A,0,0,H,7,17,2,6,17,18,3,5,1,2,0,0,2025/6
2022-08-08,Dortmund,Hoffenheim,0,0,D,0,0,H,13,6,4,2,15,15,9,4,2,0,0,0,2025/6
2022-08-12,Holstein Kiel,Frankfurt,0,1,A,0,1,H,6,11,2,4,13,15,4,3,1,3,0,0,2025/6
2022-08-12,Frankfurt,Bremen,0,0,D,0,0,H,13,6,6,2,10,13,8,5,0,1,0,0,2025/6
2022-08-10,Bochum,St. Pauli,0,1,A,0,0,H,8,7,3,2,14,15,7,5,0,0,0,0,2025/6
2022-08-28,Bremen,Stuttgart,0,0,D,0,0,H,10,7,4,3,15,17,5,2,1,2,0,0,2025/6
2022-08-06,Bayern Munich,Bochum,1,1,D,0,0,H,21,9,10,3,11,17,7,6,3,3,0,0,2025/6
2022-08-02,Leipzig,St. Pauli,3,0,H,1,0,H,11,7,5,2,10,8,3,6,1,2,0,0,2025/6
2022-08-03,Leverkusen,Stuttgart,4,1,H,4,0,H,8,6,2,2,13,17,9,5,0,1,0,0,2025/6
2022-08-11,Monchengladbach,Bremen,0,0,D,0,0,H,9,7,4,2,11,16,3,6,2,0,0,0,2025/6
2022-08-13,Stuttgart,Frankfurt,2,0,H,2,0,H,13,6,6,2,11,13,3,7,1,2,0,0,2025/6
2022-08-01,Bremen,Freiburg,0,2,A,0,2,H,4,8,1,3,12,8,8,5,2,1,0,0,2025/6
2022-08-03,Leipzig,Holstein Kiel,1,1,D,1,0,H,12,5,4,2,9,16,7,3,3,3,0,0,2025/6
2022-08-12,Union Berlin,Heidenheim,1,0,H,0,0,H,11,8,3,3,17,11,8,5,1,0,0,0,2025/6
2022-08-26,Monchengladbach,Mainz,0,0,D,0,0,H,3,5,1,1,14,8,5,5,1,1,0,0,2025/6
2022-08-27,Leipzig,Bayern Munich,4,1,H,1,0,H,18,14,7,4,13,12,6,8,2,0,0,0,2025/6
2022-08-14,Mainz,Heidenheim,0,1,A,0,0,H,8,12,3,5,8,18,5,4,1,0,0,0,2025/6
2022-08-18,Dortmund,Bayern Munich,1,2,A,0,1,H,22,8,6,3,16,8,3,6,1,0,0,0,2025/6
2022-08-24,Wolfsburg,Bremen,1,0,H,1,0,H,8,4,3,1,14,15,4,6,3,3,0,0,2025/6
2022-08-13,Wolfsburg,Holstein Kiel,0,3,A,0,2,H,8,7,2,3,12,13,6,4,2,2,0,0,2025/6
2022-08-17,Leverkusen,Bayern Munich,4,3,H,4,0,H,15,15,5,7,9,17,12,4,2,2,0,0,2025/6
2022-08-02,Monchengladbach,Leipzig,2,0,H,1,0,H,9,7,3,2,10,14,7,7,1,2,0,0,2025/6
2022-08-25,Monchengladbach,Bayern Munich,0,0,D,0,0,H,11,14,3,5,10,11,5,3,1,1,0,0,2025/6
2022-08-03,Hoffenheim,Leipzig,0,0,D,0,0,H,10,16,3,6,12,18,6,2,2,2,0,0,2025/6
2022-08-01,Frankfurt,Holstein Kiel,0,1,A,0,0,H,8,5,2,1,14,10,2,2,3,0,0,0,2025/6
2022-08-04,Wolfsburg,Leipzig,0,1,A,0,0,H,5,10,1,4,12,12,6,10,3,3,0,0,2025/6
2022-08-10,Union Berlin,Stuttgart,1,0,H,0,0,H,9,18,4,6,16,11,9,6,2,1,0,0,2025/6
2022-08-02,St. Pauli,Bremen,1,0,H,1,0,H,8,3,3,1,10,17,4,3,2,0,0,0,2025/6
2022-08-06,Union Berlin,Freiburg,0,0,D,0,0,H,10,10,3,3,18,8,3,4,1,1,0,0,2025/6
2022-08-15,Freiburg,Augsburg,0,0,D,0,0,H,8,14,2,5,15,9,10,7,1,2,0,0,2025/6
2022-08-20,Leipzig,Frankfurt,0,1,A,0,1,H,16,9,6,4,9,17,3,5,2,2,0,0,2025/6
2022-08-03,Monchengladbach,Bochum,0,1,A,0,1,H,7,4,3,1,17,12,3,3,2,3,0,0,2025/6
2022-08-11,Mainz,Bochum,1,0,H,0,0,H,5,15,1,5,10,11,7,2,0,0,0,0,2025/6
2022-08-28,Bayern Munich,Stuttgart,2,2,D,0,1,H,20,15,6,7,16,14,7,7,3,2,0,0,2025/6
2022-08-19,Holstein Kiel,Freiburg,0,1,A,0,0,H,4,6,1,1,15,15,5,6,2,0,0,0,2025/6
2022-08-24,Freiburg,Leipzig,0,1,A,0,0,H,11,10,4,4,17,18,2,9,1,3,0,0,2025/6
2022-08-24,Leipzig,Leverkusen,0,0,D,0,0,H,16,15,7,7,10,16,6,5,0,0,0,0,2025/6
2022-08-23,Leverkusen,Bochum,0,0,D,0,0,H,14,13,4,5,8,18,6,3,3,1,0,0,2025/6
2022-08-14,Bremen,Union Berlin,2,0,H,1,0,H,6,5,1,1,9,11,2,2,2,0,0,0,2025/6
2022-08-03,Bremen,Mainz,1,1,D,0,0,H,15,6,4,2,14,12,5,4,2,3,0,0,2025/6
2022-08-23,Heidenheim,Leverkusen,0,0,D,0,0,H,6,10,2,4,16,18,6,5,1,1,0,0,2025/6
2022-08-11,Hoffenheim,Stuttgart,0,0,D,0,0,H,9,11,3,5,9,13,6,8,0,3,0,0,2025/6
2022-08-12,Augsburg,Bremen,0,0,D,0,0,H,5,11,2,3,15,9,2,6,2,2,0,0,2025/6
2022-08-18,Monchengladbach,Freiburg,1,0,H,1,0,H,15,6,4,2,17,12,9,5,0,1,0,0,2025/6
2022-08-01,Wolfsburg,St. Pauli,0,2,A,0,1,H,13,5,4,1,13,17,3,5,2,2,0,0,2025/6
2022-08-07,Bremen,Bayern Munich,0,1,A,0,0,H,12,13,5,4,17,13,9,2,3,1,0,0,2025/6
2022-08-05,St. Pauli,Stuttgart,0,2,A,0,2,H,4,10,1,3,13,14,2,2,3,0,0,0,2025/6
2022-08-19,Union Berlin,Mainz,2,0,H,0,0,H,5,10,1,4,15,12,5,2,3,3,0,0,2025/6
2022-08-21,St. Pauli,Bayern Munich,1,3,A,1,0,H,10,13,4,6,17,14,3,10,1,0,0,0,2025/6
2022-08-21,Union Berlin,St. Pauli,0,1,A,0,0,H,11,5,3,1,8,12,4,4,1,3,0,0,2025/6
2022-08-27,Holstein Kiel,Monchengladbach,0,0,D,0,0,H,6,6,2,2,17,9,6,6,3,2,0,0,2025/6
2022-08-13,Holstein Kiel,Augsburg,0,0,D,0,0,H,7,12,2,4,17,8,5,6,0,3,0,0,2025/6
2022-08-27,Bayern Munich,Frankfurt,1,1,D,0,1,H,15,12,6,3,16,14,2,7,1,3,0,0,2025/6
2022-08-12,Hoffenheim,Frankfurt,0,0,D,0,0,H,9,6,4,2,11,14,5,2,0,3,0,0,2025/6
2022-08-14,Bochum,Freiburg,0,0,D,0,0,H,10,18,3,6,15,11,5,9,2,3,0,0,2025/6
